INSERT INTO visit_occurrence (visit_occurrence_id, person_id, visit_concept_id, visit_start_date, visit_end_date, visit_type_concept_id, provider_id, care_site_id) values (135517, 1495, 9201, '2/13/08', '4/27/08', 44818517, 23492, 11905);
INSERT INTO drug_era (drug_era_id, person_id, drug_concept_id, drug_era_start_date, drug_era_end_date) values (52716, 1495, 1115008, '2/13/08', '4/27/08');
INSERT INTO person (person_id, gender_concept_id, year_of_birth, month_of_birth, day_of_birth, race_concept_id, ethnicity_concept_id, location_id) values (1495, 8507, 1935, 1, 1, 8527, 38003564, 321);
INSERT INTO drug_exposure (drug_exposure_id, person_id, drug_concept_id, drug_exposure_start_date, drug_exposure_end_date, drug_type_concept_id, quantity, days_supply, sig, indication_concept_id, drug_exposure_start_datetime, drug_exposure_end_datetime) values (149408, 1495, 40163518, '2/13/08', '4/27/08', 38000175, 30, 30, '3 times daily', null, '2/13/08 00:00:00', '4/27/08 00:00:00');
INSERT INTO drug_era (drug_era_id, person_id, drug_concept_id, drug_era_start_date, drug_era_end_date) values (52717, 1495, 923645, '2/13/08', '4/27/08');
INSERT INTO drug_era (drug_era_id, person_id, drug_concept_id, drug_era_start_date, drug_era_end_date) values (52715, 1495, 1310149, '2/13/08', '4/27/08');
INSERT INTO drug_exposure (drug_exposure_id, person_id, drug_concept_id, drug_exposure_start_date, drug_exposure_end_date, drug_type_concept_id, quantity, days_supply, sig, indication_concept_id, drug_exposure_start_datetime, drug_exposure_end_datetime) values (149409, 1495, 1115129, '2/13/08', '4/27/08', 38000175, 30, 30, '3 times daily', null, '2/13/08 00:00:00', '4/27/08 00:00:00');
INSERT INTO drug_exposure (drug_exposure_id, person_id, drug_concept_id, drug_exposure_start_date, drug_exposure_end_date, drug_type_concept_id, quantity, days_supply, sig, indication_concept_id, drug_exposure_start_datetime, drug_exposure_end_datetime) values (149410, 1495, 19023551, '2/13/08', '4/27/08', 38000175, 30, 30, '2 times daily', null, '2/13/08 00:00:00', '4/27/08 00:00:00');
INSERT INTO drug_exposure (drug_exposure_id, person_id, drug_concept_id, drug_exposure_start_date, drug_exposure_end_date, drug_type_concept_id, quantity, days_supply, sig, indication_concept_id, drug_exposure_start_datetime, drug_exposure_end_datetime) values (149412, 1496, 1236610, '2/13/08', '4/27/08', 38000175, 30, 30, '2 times daily', null, '2/13/08 00:00:00', '4/27/08 00:00:00');
INSERT INTO drug_exposure (drug_exposure_id, person_id, drug_concept_id, drug_exposure_start_date, drug_exposure_end_date, drug_type_concept_id, quantity, days_supply, sig, indication_concept_id, drug_exposure_start_datetime, drug_exposure_end_datetime) values (149411, 1496, 40163546, '2/13/08', '4/27/08', 38000175, 30, 30, '4 times daily', null, '2/13/08 00:00:00', '4/27/08 00:00:00');
INSERT INTO person (person_id, gender_concept_id, year_of_birth, month_of_birth, day_of_birth, race_concept_id, ethnicity_concept_id, location_id) values (1496, 8507, 1952, 1, 1, 8527, 38003564, 321);
INSERT INTO visit_occurrence (visit_occurrence_id, person_id, visit_concept_id, visit_start_date, visit_end_date, visit_type_concept_id, provider_id, care_site_id) values (135518, 1496, 9201, '2/13/08', '4/27/08', 44818517, 23492, 11905);
INSERT INTO drug_era (drug_era_id, person_id, drug_concept_id, drug_era_start_date, drug_era_end_date) values (52718, 1496, 1310149, '2/13/08', '4/27/08');
INSERT INTO condition_era (condition_era_id, person_id, condition_concept_id, condition_era_start_date, condition_era_end_date) values (121387, 1496, 4046500, '2/13/08', '4/27/08');
INSERT INTO drug_era (drug_era_id, person_id, drug_concept_id, drug_era_start_date, drug_era_end_date) values (52719, 1496, 1236607, '2/13/08', '4/27/08');
INSERT INTO person (person_id, gender_concept_id, year_of_birth, month_of_birth, day_of_birth, race_concept_id, ethnicity_concept_id, location_id) values (1497, 8507, 1970, 1, 1, 8527, 38003564, 321);
INSERT INTO drug_era (drug_era_id, person_id, drug_concept_id, drug_era_start_date, drug_era_end_date) values (52722, 1497, 970250, '2/13/08', '4/27/08');
INSERT INTO drug_exposure (drug_exposure_id, person_id, drug_concept_id, drug_exposure_start_date, drug_exposure_end_date, drug_type_concept_id, quantity, days_supply, sig, indication_concept_id, drug_exposure_start_datetime, drug_exposure_end_datetime) values (149413, 1497, 40163546, '2/13/08', '4/27/08', 38000175, 30, 30, '4 times daily', null, '2/13/08 00:00:00', '4/27/08 00:00:00');
INSERT INTO drug_era (drug_era_id, person_id, drug_concept_id, drug_era_start_date, drug_era_end_date) values (52720, 1497, 1310149, '2/13/08', '4/27/08');
INSERT INTO drug_exposure (drug_exposure_id, person_id, drug_concept_id, drug_exposure_start_date, drug_exposure_end_date, drug_type_concept_id, quantity, days_supply, sig, indication_concept_id, drug_exposure_start_datetime, drug_exposure_end_datetime) values (149414, 1497, 1236610, '2/13/08', '4/27/08', 38000175, 30, 30, '2 times daily', null, '2/13/08 00:00:00', '4/27/08 00:00:00');
INSERT INTO drug_exposure (drug_exposure_id, person_id, drug_concept_id, drug_exposure_start_date, drug_exposure_end_date, drug_type_concept_id, quantity, days_supply, sig, indication_concept_id, drug_exposure_start_datetime, drug_exposure_end_datetime) values (149415, 1497, 970282, '2/13/08', '4/27/08', 38000175, 30, 30, '3 times daily', null, '2/13/08 00:00:00', '4/27/08 00:00:00');
INSERT INTO visit_occurrence (visit_occurrence_id, person_id, visit_concept_id, visit_start_date, visit_end_date, visit_type_concept_id, provider_id, care_site_id) values (135519, 1497, 9201, '2/13/08', '4/27/08', 44818517, 23492, 11905);
INSERT INTO drug_era (drug_era_id, person_id, drug_concept_id, drug_era_start_date, drug_era_end_date) values (52721, 1497, 1236607, '2/13/08', '4/27/08');
INSERT INTO drug_exposure (drug_exposure_id, person_id, drug_concept_id, drug_exposure_start_date, drug_exposure_end_date, drug_type_concept_id, quantity, days_supply, sig, indication_concept_id, drug_exposure_start_datetime, drug_exposure_end_datetime) values (149417, 1498, 19133853, '2/13/08', '4/27/08', 38000175, 30, 30, '4 times daily', null, '2/13/08 00:00:00', '4/27/08 00:00:00');
INSERT INTO visit_occurrence (visit_occurrence_id, person_id, visit_concept_id, visit_start_date, visit_end_date, visit_type_concept_id, provider_id, care_site_id) values (135520, 1498, 9201, '2/13/08', '4/27/08', 44818517, 23492, 11905);
INSERT INTO person (person_id, gender_concept_id, year_of_birth, month_of_birth, day_of_birth, race_concept_id, ethnicity_concept_id, location_id) values (1498, 8507, 1940, 1, 1, 8527, 38003564, 321);
INSERT INTO drug_exposure (drug_exposure_id, person_id, drug_concept_id, drug_exposure_start_date, drug_exposure_end_date, drug_type_concept_id, quantity, days_supply, sig, indication_concept_id, drug_exposure_start_datetime, drug_exposure_end_datetime) values (149418, 1498, 1551170, '2/13/08', '4/27/08', 38000175, 30, 30, '4 times daily', null, '2/13/08 00:00:00', '4/27/08 00:00:00');
INSERT INTO drug_era (drug_era_id, person_id, drug_concept_id, drug_era_start_date, drug_era_end_date) values (52724, 1498, 1136980, '2/13/08', '4/27/08');
INSERT INTO drug_exposure (drug_exposure_id, person_id, drug_concept_id, drug_exposure_start_date, drug_exposure_end_date, drug_type_concept_id, quantity, days_supply, sig, indication_concept_id, drug_exposure_start_datetime, drug_exposure_end_datetime) values (149416, 1498, 40163518, '2/13/08', '4/27/08', 38000175, 30, 30, '2 times daily', null, '2/13/08 00:00:00', '4/27/08 00:00:00');
INSERT INTO drug_era (drug_era_id, person_id, drug_concept_id, drug_era_start_date, drug_era_end_date) values (52725, 1498, 1551099, '2/13/08', '4/27/08');
INSERT INTO drug_era (drug_era_id, person_id, drug_concept_id, drug_era_start_date, drug_era_end_date) values (52723, 1498, 1310149, '2/13/08', '4/27/08');
INSERT INTO drug_exposure (drug_exposure_id, person_id, drug_concept_id, drug_exposure_start_date, drug_exposure_end_date, drug_type_concept_id, quantity, days_supply, sig, indication_concept_id, drug_exposure_start_datetime, drug_exposure_end_datetime) values (149420, 1499, 19133853, '2/13/08', '4/27/08', 38000175, 30, 30, '4 times daily', null, '2/13/08 00:00:00', '4/27/08 00:00:00');
INSERT INTO drug_exposure (drug_exposure_id, person_id, drug_concept_id, drug_exposure_start_date, drug_exposure_end_date, drug_type_concept_id, quantity, days_supply, sig, indication_concept_id, drug_exposure_start_datetime, drug_exposure_end_datetime) values (149419, 1499, 40163518, '2/13/08', '4/27/08', 38000175, 30, 30, '2 times daily', null, '2/13/08 00:00:00', '4/27/08 00:00:00');
INSERT INTO person (person_id, gender_concept_id, year_of_birth, month_of_birth, day_of_birth, race_concept_id, ethnicity_concept_id, location_id) values (1499, 8507, 1970, 1, 1, 8527, 38003564, 321);
INSERT INTO drug_era (drug_era_id, person_id, drug_concept_id, drug_era_start_date, drug_era_end_date) values (52727, 1499, 1136980, '2/13/08', '4/27/08');
INSERT INTO visit_occurrence (visit_occurrence_id, person_id, visit_concept_id, visit_start_date, visit_end_date, visit_type_concept_id, provider_id, care_site_id) values (135521, 1499, 9201, '2/13/08', '4/27/08', 44818517, 23492, 11905);
INSERT INTO drug_era (drug_era_id, person_id, drug_concept_id, drug_era_start_date, drug_era_end_date) values (52726, 1499, 1310149, '2/13/08', '4/27/08');
INSERT INTO visit_occurrence (visit_occurrence_id, person_id, visit_concept_id, visit_start_date, visit_end_date, visit_type_concept_id, provider_id, care_site_id) values (135522, 1500, 9201, '2/13/08', '4/27/08', 44818517, 23492, 11905);
INSERT INTO person (person_id, gender_concept_id, year_of_birth, month_of_birth, day_of_birth, race_concept_id, ethnicity_concept_id, location_id) values (1500, 8507, 1950, 1, 1, 8527, 38003564, 321);
INSERT INTO drug_era (drug_era_id, person_id, drug_concept_id, drug_era_start_date, drug_era_end_date) values (52729, 1500, 970250, '2/13/08', '4/27/08');
INSERT INTO drug_exposure (drug_exposure_id, person_id, drug_concept_id, drug_exposure_start_date, drug_exposure_end_date, drug_type_concept_id, quantity, days_supply, sig, indication_concept_id, drug_exposure_start_datetime, drug_exposure_end_datetime) values (149422, 1500, 19106647, '2/13/08', '4/27/08', 38000175, 30, 30, '3 times daily', null, '2/13/08 00:00:00', '4/27/08 00:00:00');
INSERT INTO drug_exposure (drug_exposure_id, person_id, drug_concept_id, drug_exposure_start_date, drug_exposure_end_date, drug_type_concept_id, quantity, days_supply, sig, indication_concept_id, drug_exposure_start_datetime, drug_exposure_end_datetime) values (149421, 1500, 19049371, '2/13/08', '4/27/08', 38000175, 30, 30, '2 times daily', null, '2/13/08 00:00:00', '4/27/08 00:00:00');
INSERT INTO drug_era (drug_era_id, person_id, drug_concept_id, drug_era_start_date, drug_era_end_date) values (52728, 1500, 19049105, '2/13/08', '4/27/08');
INSERT INTO measurement (measurement_id, person_id, measurement_concept_id, measurement_date, measurement_type_concept_id, value_as_number, unit_concept_id) values (170000, 1500, 3023103, '2/13/08', 45754907, 4.2, 9557);
INSERT INTO drug_exposure (drug_exposure_id, person_id, drug_concept_id, drug_exposure_start_date, drug_exposure_end_date, drug_type_concept_id, quantity, days_supply, sig, indication_concept_id, drug_exposure_start_datetime, drug_exposure_end_datetime) values (149425, 1501, 40171675, '2/13/08', '4/27/08', 38000175, 30, 30, '4 times daily', null, '2/13/08 00:00:00', '4/27/08 00:00:00');
INSERT INTO person (person_id, gender_concept_id, year_of_birth, month_of_birth, day_of_birth, race_concept_id, ethnicity_concept_id, location_id) values (1501, 8507, 1950, 1, 1, 8527, 38003564, 321);
INSERT INTO drug_exposure (drug_exposure_id, person_id, drug_concept_id, drug_exposure_start_date, drug_exposure_end_date, drug_type_concept_id, quantity, days_supply, sig, indication_concept_id, drug_exposure_start_datetime, drug_exposure_end_datetime) values (149423, 1501, 19049376, '2/13/08', '4/27/08', 38000175, 30, 30, '3 times daily', null, '2/13/08 00:00:00', '4/27/08 00:00:00');
INSERT INTO drug_era (drug_era_id, person_id, drug_concept_id, drug_era_start_date, drug_era_end_date) values (52730, 1501, 19049105, '2/13/08', '4/27/08');
INSERT INTO drug_era (drug_era_id, person_id, drug_concept_id, drug_era_start_date, drug_era_end_date) values (52732, 1501, 1335471, '2/13/08', '4/27/08');
INSERT INTO drug_era (drug_era_id, person_id, drug_concept_id, drug_era_start_date, drug_era_end_date) values (52731, 1501, 970250, '2/13/08', '4/27/08');
INSERT INTO visit_occurrence (visit_occurrence_id, person_id, visit_concept_id, visit_start_date, visit_end_date, visit_type_concept_id, provider_id, care_site_id) values (135523, 1501, 9201, '2/13/08', '4/27/08', 44818517, 23492, 11905);
INSERT INTO measurement (measurement_id, person_id, measurement_concept_id, measurement_date, measurement_type_concept_id, value_as_number, unit_concept_id) values (170001, 1501, 3023103, '2/13/08', 45754907, 5.1, 9557);
INSERT INTO drug_exposure (drug_exposure_id, person_id, drug_concept_id, drug_exposure_start_date, drug_exposure_end_date, drug_type_concept_id, quantity, days_supply, sig, indication_concept_id, drug_exposure_start_datetime, drug_exposure_end_datetime) values (149424, 1501, 19106647, '2/13/08', '4/27/08', 38000175, 30, 30, '4 times daily', null, '2/13/08 00:00:00', '4/27/08 00:00:00');
INSERT INTO drug_exposure (drug_exposure_id, person_id, drug_concept_id, drug_exposure_start_date, drug_exposure_end_date, drug_type_concept_id, quantity, days_supply, sig, indication_concept_id, drug_exposure_start_datetime, drug_exposure_end_datetime) values (149427, 1502, 19106647, '2/13/08', '4/27/08', 38000175, 30, 30, '3 times daily', null, '2/13/08 00:00:00', '4/27/08 00:00:00');
INSERT INTO drug_era (drug_era_id, person_id, drug_concept_id, drug_era_start_date, drug_era_end_date) values (52734, 1502, 970250, '2/13/08', '4/27/08');
INSERT INTO person (person_id, gender_concept_id, year_of_birth, month_of_birth, day_of_birth, race_concept_id, ethnicity_concept_id, location_id) values (1502, 8507, 1930, 1, 1, 8527, 38003564, 321);
INSERT INTO measurement (measurement_id, person_id, measurement_concept_id, measurement_date, measurement_type_concept_id, value_as_number, unit_concept_id) values (170002, 1502, 3023103, '2/13/08', 45754907, 5.5, 9557);
INSERT INTO measurement (measurement_id, person_id, measurement_concept_id, measurement_date, measurement_type_concept_id, value_as_number, unit_concept_id) values (170003, 1502, 3016723, '2/13/08', 45754907, 32, 8795);
INSERT INTO visit_occurrence (visit_occurrence_id, person_id, visit_concept_id, visit_start_date, visit_end_date, visit_type_concept_id, provider_id, care_site_id) values (135524, 1502, 9201, '2/13/08', '4/27/08', 44818517, 23492, 11905);
INSERT INTO drug_era (drug_era_id, person_id, drug_concept_id, drug_era_start_date, drug_era_end_date) values (52733, 1502, 19049105, '2/13/08', '4/27/08');
INSERT INTO drug_exposure (drug_exposure_id, person_id, drug_concept_id, drug_exposure_start_date, drug_exposure_end_date, drug_type_concept_id, quantity, days_supply, sig, indication_concept_id, drug_exposure_start_datetime, drug_exposure_end_datetime) values (149426, 1502, 19049376, '2/13/08', '4/27/08', 38000175, 30, 30, '2 times daily', null, '2/13/08 00:00:00', '4/27/08 00:00:00');
INSERT INTO person (person_id, gender_concept_id, year_of_birth, month_of_birth, day_of_birth, race_concept_id, ethnicity_concept_id, location_id) values (1503, 8507, 1940, 1, 1, 8527, 38003564, 321);
INSERT INTO drug_exposure (drug_exposure_id, person_id, drug_concept_id, drug_exposure_start_date, drug_exposure_end_date, drug_type_concept_id, quantity, days_supply, sig, indication_concept_id, drug_exposure_start_datetime, drug_exposure_end_datetime) values (149429, 1503, 19106647, '2/13/08', '4/27/08', 38000175, 30, 30, '2 times daily', null, '2/13/08 00:00:00', '4/27/08 00:00:00');
INSERT INTO measurement (measurement_id, person_id, measurement_concept_id, measurement_date, measurement_type_concept_id, value_as_number, unit_concept_id) values (170005, 1503, 3016723, '2/13/08', 45754907, 32, 8795);
INSERT INTO measurement (measurement_id, person_id, measurement_concept_id, measurement_date, measurement_type_concept_id, value_as_number, unit_concept_id) values (170004, 1503, 3023103, '2/13/08', 45754907, 3.5, 9557);
INSERT INTO drug_era (drug_era_id, person_id, drug_concept_id, drug_era_start_date, drug_era_end_date) values (52735, 1503, 19049105, '2/13/08', '4/27/08');
INSERT INTO visit_occurrence (visit_occurrence_id, person_id, visit_concept_id, visit_start_date, visit_end_date, visit_type_concept_id, provider_id, care_site_id) values (135525, 1503, 9201, '2/13/08', '4/27/08', 44818517, 23492, 11905);
INSERT INTO drug_exposure (drug_exposure_id, person_id, drug_concept_id, drug_exposure_start_date, drug_exposure_end_date, drug_type_concept_id, quantity, days_supply, sig, indication_concept_id, drug_exposure_start_datetime, drug_exposure_end_datetime) values (149428, 1503, 19104396, '2/13/08', '4/27/08', 38000175, 20, 10, '3 times daily', null, '2/13/08 00:00:00', '4/27/08 00:00:00');
INSERT INTO drug_era (drug_era_id, person_id, drug_concept_id, drug_era_start_date, drug_era_end_date) values (52736, 1503, 970250, '2/13/08', '4/27/08');
INSERT INTO person (person_id, gender_concept_id, year_of_birth, month_of_birth, day_of_birth, race_concept_id, ethnicity_concept_id, location_id) values (1504, 8507, 1955, 1, 1, 8527, 38003564, 321);
INSERT INTO drug_exposure (drug_exposure_id, person_id, drug_concept_id, drug_exposure_start_date, drug_exposure_end_date, drug_type_concept_id, quantity, days_supply, sig, indication_concept_id, drug_exposure_start_datetime, drug_exposure_end_datetime) values (149431, 1504, 40232717, '2/13/08', '4/27/08', 38000175, 120, 30, 'Daily', null, '2/13/08 00:00:00', '4/27/08 00:00:00');
INSERT INTO drug_exposure (drug_exposure_id, person_id, drug_concept_id, drug_exposure_start_date, drug_exposure_end_date, drug_type_concept_id, quantity, days_supply, sig, indication_concept_id, drug_exposure_start_datetime, drug_exposure_end_datetime) values (149430, 1504, 19019004, '2/13/08', '4/27/08', 38000175, 60, 30, 'Daily', null, '2/13/08 00:00:00', '4/27/08 00:00:00');
INSERT INTO drug_era (drug_era_id, person_id, drug_concept_id, drug_era_start_date, drug_era_end_date) values (52737, 1504, 1754994, '2/13/08', '4/27/08');
INSERT INTO visit_occurrence (visit_occurrence_id, person_id, visit_concept_id, visit_start_date, visit_end_date, visit_type_concept_id, provider_id, care_site_id) values (135526, 1504, 9202, '2/13/08', '4/27/08', 44818517, 23492, 11905);
INSERT INTO drug_era (drug_era_id, person_id, drug_concept_id, drug_era_start_date, drug_era_end_date) values (52738, 1504, 1124957, '2/13/08', '4/27/08');
INSERT INTO drug_era (drug_era_id, person_id, drug_concept_id, drug_era_start_date, drug_era_end_date) values (52740, 1505, 1124957, '2/13/08', '4/27/08');
INSERT INTO visit_occurrence (visit_occurrence_id, person_id, visit_concept_id, visit_start_date, visit_end_date, visit_type_concept_id, provider_id, care_site_id) values (135527, 1505, 9202, '2/13/08', '4/27/08', 44818517, 23492, 11905);
INSERT INTO person (person_id, gender_concept_id, year_of_birth, month_of_birth, day_of_birth, race_concept_id, ethnicity_concept_id, location_id) values (1505, 8507, 1950, 1, 1, 8527, 38003564, 321);
INSERT INTO drug_exposure (drug_exposure_id, person_id, drug_concept_id, drug_exposure_start_date, drug_exposure_end_date, drug_type_concept_id, quantity, days_supply, sig, indication_concept_id, drug_exposure_start_datetime, drug_exposure_end_datetime) values (149433, 1505, 40232717, '2/13/08', '4/27/08', 38000175, 30, 30, '4 times daily', null, '2/13/08 00:00:00', '4/27/08 00:00:00');
INSERT INTO drug_exposure (drug_exposure_id, person_id, drug_concept_id, drug_exposure_start_date, drug_exposure_end_date, drug_type_concept_id, quantity, days_supply, sig, indication_concept_id, drug_exposure_start_datetime, drug_exposure_end_datetime) values (149432, 1505, 19019004, '2/13/08', '4/27/08', 38000175, 30, 30, '2 times daily', null, '2/13/08 00:00:00', '4/27/08 00:00:00');
INSERT INTO drug_era (drug_era_id, person_id, drug_concept_id, drug_era_start_date, drug_era_end_date) values (52739, 1505, 1754994, '2/13/08', '4/27/08');
INSERT INTO drug_exposure (drug_exposure_id, person_id, drug_concept_id, drug_exposure_start_date, drug_exposure_end_date, drug_type_concept_id, quantity, days_supply, sig, indication_concept_id, drug_exposure_start_datetime, drug_exposure_end_datetime) values (149434, 1506, 19019004, '2/13/08', '4/27/08', 38000175, 60, 30, 'Daily', null, '2/13/08 00:00:00', '4/27/08 00:00:00');
INSERT INTO visit_occurrence (visit_occurrence_id, person_id, visit_concept_id, visit_start_date, visit_end_date, visit_type_concept_id, provider_id, care_site_id) values (135528, 1506, 9202, '2/13/08', '4/27/08', 44818517, 23492, 11905);
INSERT INTO person (person_id, gender_concept_id, year_of_birth, month_of_birth, day_of_birth, race_concept_id, ethnicity_concept_id, location_id) values (1506, 8507, 1952, 1, 1, 8527, 38003564, 321);
INSERT INTO drug_era (drug_era_id, person_id, drug_concept_id, drug_era_start_date, drug_era_end_date) values (52741, 1506, 1754994, '2/13/08', '4/27/08');
INSERT INTO drug_era (drug_era_id, person_id, drug_concept_id, drug_era_start_date, drug_era_end_date) values (52742, 1506, 1124957, '2/13/08', '4/27/08');
INSERT INTO drug_exposure (drug_exposure_id, person_id, drug_concept_id, drug_exposure_start_date, drug_exposure_end_date, drug_type_concept_id, quantity, days_supply, sig, indication_concept_id, drug_exposure_start_datetime, drug_exposure_end_datetime) values (149435, 1506, 40232717, '2/13/08', '4/27/08', 38000175, 30, 30, '4 times daily', null, '2/13/08 00:00:00', '4/27/08 00:00:00');
INSERT INTO drug_era (drug_era_id, person_id, drug_concept_id, drug_era_start_date, drug_era_end_date) values (52743, 1507, 1754994, '2/13/08', '4/27/08');
INSERT INTO drug_exposure (drug_exposure_id, person_id, drug_concept_id, drug_exposure_start_date, drug_exposure_end_date, drug_type_concept_id, quantity, days_supply, sig, indication_concept_id, drug_exposure_start_datetime, drug_exposure_end_datetime) values (149436, 1507, 19019004, '2/13/08', '4/27/08', 38000175, 60, 30, 'Daily', null, '2/13/08 00:00:00', '4/27/08 00:00:00');
INSERT INTO drug_era (drug_era_id, person_id, drug_concept_id, drug_era_start_date, drug_era_end_date) values (52744, 1507, 1154029, '2/13/08', '4/27/08');
INSERT INTO drug_exposure (drug_exposure_id, person_id, drug_concept_id, drug_exposure_start_date, drug_exposure_end_date, drug_type_concept_id, quantity, days_supply, sig, indication_concept_id, drug_exposure_start_datetime, drug_exposure_end_datetime) values (149437, 1507, 1154108, '2/13/08', '4/27/08', 38000175, 3, 1, '4 times daily', null, '2/13/08 00:00:00', '4/27/08 00:00:00');
INSERT INTO visit_occurrence (visit_occurrence_id, person_id, visit_concept_id, visit_start_date, visit_end_date, visit_type_concept_id, provider_id, care_site_id) values (135529, 1507, 9202, '2/13/08', '4/27/08', 44818517, 23492, 11905);
INSERT INTO person (person_id, gender_concept_id, year_of_birth, month_of_birth, day_of_birth, race_concept_id, ethnicity_concept_id, location_id) values (1507, 8507, 1953, 1, 1, 8527, 38003564, 321);
INSERT INTO visit_occurrence (visit_occurrence_id, person_id, visit_concept_id, visit_start_date, visit_end_date, visit_type_concept_id, provider_id, care_site_id) values (135530, 1508, 9201, '2/13/08', '4/27/08', 44818517, 23492, 11905);
INSERT INTO drug_era (drug_era_id, person_id, drug_concept_id, drug_era_start_date, drug_era_end_date) values (52745, 1508, 19049105, '2/13/08', '4/27/08');
INSERT INTO drug_exposure (drug_exposure_id, person_id, drug_concept_id, drug_exposure_start_date, drug_exposure_end_date, drug_type_concept_id, quantity, days_supply, sig, indication_concept_id, drug_exposure_start_datetime, drug_exposure_end_datetime) values (149439, 1508, 19106647, '2/13/08', '4/27/08', 38000175, 30, 30, '2 times daily', null, '2/13/08 00:00:00', '4/27/08 00:00:00');
INSERT INTO drug_era (drug_era_id, person_id, drug_concept_id, drug_era_start_date, drug_era_end_date) values (52746, 1508, 970250, '2/13/08', '4/27/08');
INSERT INTO drug_exposure (drug_exposure_id, person_id, drug_concept_id, drug_exposure_start_date, drug_exposure_end_date, drug_type_concept_id, quantity, days_supply, sig, indication_concept_id, drug_exposure_start_datetime, drug_exposure_end_datetime) values (149438, 1508, 19104396, '2/13/08', '4/27/08', 38000175, 20, 10, '3 times daily', null, '2/13/08 00:00:00', '4/27/08 00:00:00');
INSERT INTO person (person_id, gender_concept_id, year_of_birth, month_of_birth, day_of_birth, race_concept_id, ethnicity_concept_id, location_id) values (1508, 8507, 1940, 1, 1, 8527, 38003564, 321);
INSERT INTO visit_occurrence (visit_occurrence_id, person_id, visit_concept_id, visit_start_date, visit_end_date, visit_type_concept_id, provider_id, care_site_id) values (135531, 1509, 9201, '2/13/08', '4/27/08', 44818517, 23492, 11905);
INSERT INTO person (person_id, gender_concept_id, year_of_birth, month_of_birth, day_of_birth, race_concept_id, ethnicity_concept_id, location_id) values (1509, 8507, 1950, 1, 1, 8527, 38003564, 321);
INSERT INTO drug_exposure (drug_exposure_id, person_id, drug_concept_id, drug_exposure_start_date, drug_exposure_end_date, drug_type_concept_id, quantity, days_supply, sig, indication_concept_id, drug_exposure_start_datetime, drug_exposure_end_datetime) values (149441, 1509, 40163312, '2/13/08', '4/27/08', 38000175, 30, 30, '2 times daily', null, '2/13/08 00:00:00', '4/27/08 00:00:00');
INSERT INTO drug_exposure (drug_exposure_id, person_id, drug_concept_id, drug_exposure_start_date, drug_exposure_end_date, drug_type_concept_id, quantity, days_supply, sig, indication_concept_id, drug_exposure_start_datetime, drug_exposure_end_datetime) values (149440, 1509, 19076899, '2/13/08', '4/27/08', 38000175, 1, 1, '4 times daily', null, '2/13/08 00:00:00', '4/27/08 00:00:00');
INSERT INTO drug_era (drug_era_id, person_id, drug_concept_id, drug_era_start_date, drug_era_end_date) values (52747, 1509, 1343916, '2/13/08', '4/27/08');
INSERT INTO drug_era (drug_era_id, person_id, drug_concept_id, drug_era_start_date, drug_era_end_date) values (52748, 1509, 1353766, '2/13/08', '4/27/08');
INSERT INTO person (person_id, gender_concept_id, year_of_birth, month_of_birth, day_of_birth, race_concept_id, ethnicity_concept_id, location_id) values (1510, 8507, 1955, 1, 1, 8527, 38003564, 321);
INSERT INTO drug_era (drug_era_id, person_id, drug_concept_id, drug_era_start_date, drug_era_end_date) values (52749, 1510, 1343916, '2/13/08', '4/27/08');
INSERT INTO drug_exposure (drug_exposure_id, person_id, drug_concept_id, drug_exposure_start_date, drug_exposure_end_date, drug_type_concept_id, quantity, days_supply, sig, indication_concept_id, drug_exposure_start_datetime, drug_exposure_end_datetime) values (149442, 1510, 19076899, '2/13/08', '4/27/08', 38000175, 1, 1, '4 times daily', null, '2/13/08 00:00:00', '4/27/08 00:00:00');
INSERT INTO drug_era (drug_era_id, person_id, drug_concept_id, drug_era_start_date, drug_era_end_date) values (52750, 1510, 1322081, '2/13/08', '4/27/08');
INSERT INTO drug_exposure (drug_exposure_id, person_id, drug_concept_id, drug_exposure_start_date, drug_exposure_end_date, drug_type_concept_id, quantity, days_supply, sig, indication_concept_id, drug_exposure_start_datetime, drug_exposure_end_datetime) values (149443, 1510, 42800549, '2/13/08', '4/27/08', 38000175, 60, 30, '2 times daily', null, '2/13/08 00:00:00', '4/27/08 00:00:00');
INSERT INTO visit_occurrence (visit_occurrence_id, person_id, visit_concept_id, visit_start_date, visit_end_date, visit_type_concept_id, provider_id, care_site_id) values (135532, 1510, 9201, '2/13/08', '4/27/08', 44818517, 23492, 11905);
INSERT INTO measurement (measurement_id, person_id, measurement_concept_id, measurement_date, measurement_type_concept_id, value_as_number, unit_concept_id) values (170006, 1511, 3016723, '2/13/08', 45754907, 45, 8795);
INSERT INTO visit_occurrence (visit_occurrence_id, person_id, visit_concept_id, visit_start_date, visit_end_date, visit_type_concept_id, provider_id, care_site_id) values (135533, 1511, 9201, '2/13/08', '4/27/08', 44818517, 23492, 11905);
INSERT INTO drug_era (drug_era_id, person_id, drug_concept_id, drug_era_start_date, drug_era_end_date) values (52752, 1511, 1314002, '2/13/08', '4/27/08');
INSERT INTO person (person_id, gender_concept_id, year_of_birth, month_of_birth, day_of_birth, race_concept_id, ethnicity_concept_id, location_id) values (1511, 8507, 1960, 1, 1, 8527, 38003564, 321);
INSERT INTO drug_era (drug_era_id, person_id, drug_concept_id, drug_era_start_date, drug_era_end_date) values (52751, 1511, 1343916, '2/13/08', '4/27/08');
INSERT INTO drug_exposure (drug_exposure_id, person_id, drug_concept_id, drug_exposure_start_date, drug_exposure_end_date, drug_type_concept_id, quantity, days_supply, sig, indication_concept_id, drug_exposure_start_datetime, drug_exposure_end_datetime) values (149445, 1511, 19018811, '2/13/08', '4/27/08', 38000175, 150, 30, 'Daily', null, '2/13/08 00:00:00', '4/27/08 00:00:00');
INSERT INTO drug_exposure (drug_exposure_id, person_id, drug_concept_id, drug_exposure_start_date, drug_exposure_end_date, drug_type_concept_id, quantity, days_supply, sig, indication_concept_id, drug_exposure_start_datetime, drug_exposure_end_datetime) values (149444, 1511, 19076899, '2/13/08', '4/27/08', 38000175, 1, 1, '4 times daily', 4340851, '2/13/08 00:00:00', '4/27/08 00:00:00');
INSERT INTO drug_era (drug_era_id, person_id, drug_concept_id, drug_era_start_date, drug_era_end_date) values (52754, 1512, 1314002, '2/13/08', '4/27/08');
INSERT INTO person (person_id, gender_concept_id, year_of_birth, month_of_birth, day_of_birth, race_concept_id, ethnicity_concept_id, location_id) values (1512, 8507, 1930, 1, 1, 8527, 38003564, 321);
INSERT INTO drug_exposure (drug_exposure_id, person_id, drug_concept_id, drug_exposure_start_date, drug_exposure_end_date, drug_type_concept_id, quantity, days_supply, sig, indication_concept_id, drug_exposure_start_datetime, drug_exposure_end_datetime) values (149446, 1512, 19076899, '2/13/08', '4/27/08', 38000175, 1, 1, '4 times daily', 4340851, '2/13/08 00:00:00', '4/27/08 00:00:00');
INSERT INTO drug_exposure (drug_exposure_id, person_id, drug_concept_id, drug_exposure_start_date, drug_exposure_end_date, drug_type_concept_id, quantity, days_supply, sig, indication_concept_id, drug_exposure_start_datetime, drug_exposure_end_datetime) values (149447, 1512, 19018811, '2/13/08', '4/27/08', 38000175, 120, 30, 'Daily', null, '2/13/08 00:00:00', '4/27/08 00:00:00');
INSERT INTO drug_era (drug_era_id, person_id, drug_concept_id, drug_era_start_date, drug_era_end_date) values (52753, 1512, 1343916, '2/13/08', '4/27/08');
INSERT INTO measurement (measurement_id, person_id, measurement_concept_id, measurement_date, measurement_type_concept_id, value_as_number, unit_concept_id) values (170007, 1512, 3016723, '2/13/08', 45754907, 35, 8795);
INSERT INTO visit_occurrence (visit_occurrence_id, person_id, visit_concept_id, visit_start_date, visit_end_date, visit_type_concept_id, provider_id, care_site_id) values (135534, 1512, 9201, '2/13/08', '4/27/08', 44818517, 23492, 11905);
INSERT INTO drug_exposure (drug_exposure_id, person_id, drug_concept_id, drug_exposure_start_date, drug_exposure_end_date, drug_type_concept_id, quantity, days_supply, sig, indication_concept_id, drug_exposure_start_datetime, drug_exposure_end_datetime) values (149449, 1513, 40162867, '2/13/08', '4/27/08', 38000175, 90, 30, '2 times daily', null, '2/13/08 00:00:00', '4/27/08 00:00:00');
INSERT INTO drug_era (drug_era_id, person_id, drug_concept_id, drug_era_start_date, drug_era_end_date) values (52755, 1513, 1343916, '2/13/08', '4/27/08');
INSERT INTO visit_occurrence (visit_occurrence_id, person_id, visit_concept_id, visit_start_date, visit_end_date, visit_type_concept_id, provider_id, care_site_id) values (135535, 1513, 9201, '2/13/08', '4/27/08', 44818517, 23492, 11905);
INSERT INTO person (person_id, gender_concept_id, year_of_birth, month_of_birth, day_of_birth, race_concept_id, ethnicity_concept_id, location_id) values (1513, 8507, 1930, 1, 1, 8527, 38003564, 321);
INSERT INTO measurement (measurement_id, person_id, measurement_concept_id, measurement_date, measurement_type_concept_id, value_as_number, unit_concept_id) values (170008, 1513, 3016723, '2/13/08', 45754907, 35, 8795);
INSERT INTO drug_exposure (drug_exposure_id, person_id, drug_concept_id, drug_exposure_start_date, drug_exposure_end_date, drug_type_concept_id, quantity, days_supply, sig, indication_concept_id, drug_exposure_start_datetime, drug_exposure_end_datetime) values (149448, 1513, 19076899, '2/13/08', '4/27/08', 38000175, 1, 1, '4 times daily', 4340851, '2/13/08 00:00:00', '4/27/08 00:00:00');
INSERT INTO drug_era (drug_era_id, person_id, drug_concept_id, drug_era_start_date, drug_era_end_date) values (52756, 1513, 1338005, '2/13/08', '4/27/08');
INSERT INTO drug_era (drug_era_id, person_id, drug_concept_id, drug_era_start_date, drug_era_end_date) values (52757, 1514, 1343916, '2/13/08', '4/27/08');
INSERT INTO person (person_id, gender_concept_id, year_of_birth, month_of_birth, day_of_birth, race_concept_id, ethnicity_concept_id, location_id) values (1514, 8507, 1930, 1, 1, 8527, 38003564, 321);
INSERT INTO drug_exposure (drug_exposure_id, person_id, drug_concept_id, drug_exposure_start_date, drug_exposure_end_date, drug_type_concept_id, quantity, days_supply, sig, indication_concept_id, drug_exposure_start_datetime, drug_exposure_end_datetime) values (149451, 1514, 40162867, '2/13/08', '4/27/08', 38000175, 90, 30, '2 times daily', null, '2/13/08 00:00:00', '4/27/08 00:00:00');
INSERT INTO drug_era (drug_era_id, person_id, drug_concept_id, drug_era_start_date, drug_era_end_date) values (52758, 1514, 1338005, '2/13/08', '4/27/08');
INSERT INTO drug_exposure (drug_exposure_id, person_id, drug_concept_id, drug_exposure_start_date, drug_exposure_end_date, drug_type_concept_id, quantity, days_supply, sig, indication_concept_id, drug_exposure_start_datetime, drug_exposure_end_datetime) values (149450, 1514, 19076899, '2/13/08', '4/27/08', 38000175, 1, 1, '4 times daily', null, '2/13/08 00:00:00', '4/27/08 00:00:00');
INSERT INTO measurement (measurement_id, person_id, measurement_concept_id, measurement_date, measurement_type_concept_id, value_as_number, unit_concept_id) values (170009, 1514, 3016723, '2/13/08', 45754907, 45, 8795);
INSERT INTO visit_occurrence (visit_occurrence_id, person_id, visit_concept_id, visit_start_date, visit_end_date, visit_type_concept_id, provider_id, care_site_id) values (135536, 1514, 9201, '2/13/08', '4/27/08', 44818517, 23492, 11905);
INSERT INTO drug_era (drug_era_id, person_id, drug_concept_id, drug_era_start_date, drug_era_end_date) values (52760, 1515, 19063575, '2/13/08', '4/27/08');
INSERT INTO drug_exposure (drug_exposure_id, person_id, drug_concept_id, drug_exposure_start_date, drug_exposure_end_date, drug_type_concept_id, quantity, days_supply, sig, indication_concept_id, drug_exposure_start_datetime, drug_exposure_end_datetime) values (149452, 1515, 19076899, '2/13/08', '4/27/08', 38000175, 1, 1, '4 times daily', null, '2/13/08 00:00:00', '4/27/08 00:00:00');
INSERT INTO person (person_id, gender_concept_id, year_of_birth, month_of_birth, day_of_birth, race_concept_id, ethnicity_concept_id, location_id) values (1515, 8507, 1985, 1, 1, 8527, 38003564, 321);
INSERT INTO drug_era (drug_era_id, person_id, drug_concept_id, drug_era_start_date, drug_era_end_date) values (52759, 1515, 1343916, '2/13/08', '4/27/08');
INSERT INTO visit_occurrence (visit_occurrence_id, person_id, visit_concept_id, visit_start_date, visit_end_date, visit_type_concept_id, provider_id, care_site_id) values (135537, 1515, 9201, '2/13/08', '4/27/08', 44818517, 23492, 11905);
INSERT INTO drug_exposure (drug_exposure_id, person_id, drug_concept_id, drug_exposure_start_date, drug_exposure_end_date, drug_type_concept_id, quantity, days_supply, sig, indication_concept_id, drug_exposure_start_datetime, drug_exposure_end_datetime) values (149453, 1515, 40182878, '2/13/08', '4/27/08', 38000175, 60, 30, 'Daily', null, '2/13/08 00:00:00', '4/27/08 00:00:00');
INSERT INTO drug_exposure (drug_exposure_id, person_id, drug_concept_id, drug_exposure_start_date, drug_exposure_end_date, drug_type_concept_id, quantity, days_supply, sig, indication_concept_id, drug_exposure_start_datetime, drug_exposure_end_datetime) values (149454, 1516, 19076899, '2/13/08', '4/27/08', 38000175, 1, 1, '4 times daily', null, '2/13/08 00:00:00', '4/27/08 00:00:00');
INSERT INTO drug_era (drug_era_id, person_id, drug_concept_id, drug_era_start_date, drug_era_end_date) values (52762, 1516, 1307046, '2/13/08', '4/27/08');
INSERT INTO drug_exposure (drug_exposure_id, person_id, drug_concept_id, drug_exposure_start_date, drug_exposure_end_date, drug_type_concept_id, quantity, days_supply, sig, indication_concept_id, drug_exposure_start_datetime, drug_exposure_end_datetime) values (149455, 1516, 46221724, '2/13/08', '4/27/08', 38000175, 60, 30, '2 times daily', null, '2/13/08 00:00:00', '4/27/08 00:00:00');
INSERT INTO drug_era (drug_era_id, person_id, drug_concept_id, drug_era_start_date, drug_era_end_date) values (52761, 1516, 1343916, '2/13/08', '4/27/08');
INSERT INTO person (person_id, gender_concept_id, year_of_birth, month_of_birth, day_of_birth, race_concept_id, ethnicity_concept_id, location_id) values (1516, 8507, 1951, 1, 1, 8527, 38003564, 321);
INSERT INTO visit_occurrence (visit_occurrence_id, person_id, visit_concept_id, visit_start_date, visit_end_date, visit_type_concept_id, provider_id, care_site_id) values (135538, 1516, 9201, '2/13/08', '4/27/08', 44818517, 23492, 11905);
INSERT INTO drug_exposure (drug_exposure_id, person_id, drug_concept_id, drug_exposure_start_date, drug_exposure_end_date, drug_type_concept_id, quantity, days_supply, sig, indication_concept_id, drug_exposure_start_datetime, drug_exposure_end_datetime) values (149457, 1517, 46221724, '2/13/08', '4/27/08', 38000175, 30, 30, '3 times daily', null, '2/13/08 00:00:00', '4/27/08 00:00:00');
INSERT INTO visit_occurrence (visit_occurrence_id, person_id, visit_concept_id, visit_start_date, visit_end_date, visit_type_concept_id, provider_id, care_site_id) values (135539, 1517, 9201, '2/13/08', '4/27/08', 44818517, 23492, 11905);
INSERT INTO drug_era (drug_era_id, person_id, drug_concept_id, drug_era_start_date, drug_era_end_date) values (52765, 1517, 755695, '2/13/08', '4/27/08');
INSERT INTO drug_exposure (drug_exposure_id, person_id, drug_concept_id, drug_exposure_start_date, drug_exposure_end_date, drug_type_concept_id, quantity, days_supply, sig, indication_concept_id, drug_exposure_start_datetime, drug_exposure_end_datetime) values (149458, 1517, 755700, '2/13/08', '4/27/08', 38000175, 30, 30, '4 times daily', null, '2/13/08 00:00:00', '4/27/08 00:00:00');
INSERT INTO drug_era (drug_era_id, person_id, drug_concept_id, drug_era_start_date, drug_era_end_date) values (52763, 1517, 1343916, '2/13/08', '4/27/08');
INSERT INTO drug_era (drug_era_id, person_id, drug_concept_id, drug_era_start_date, drug_era_end_date) values (52764, 1517, 1307046, '2/13/08', '4/27/08');
INSERT INTO person (person_id, gender_concept_id, year_of_birth, month_of_birth, day_of_birth, race_concept_id, ethnicity_concept_id, location_id) values (1517, 8507, 1970, 1, 1, 8527, 38003564, 321);
INSERT INTO drug_exposure (drug_exposure_id, person_id, drug_concept_id, drug_exposure_start_date, drug_exposure_end_date, drug_type_concept_id, quantity, days_supply, sig, indication_concept_id, drug_exposure_start_datetime, drug_exposure_end_datetime) values (149456, 1517, 19076899, '2/13/08', '4/27/08', 38000175, 1, 1, '4 times daily', 4340851, '2/13/08 00:00:00', '4/27/08 00:00:00');
INSERT INTO visit_occurrence (visit_occurrence_id, person_id, visit_concept_id, visit_start_date, visit_end_date, visit_type_concept_id, provider_id, care_site_id) values (135540, 1518, 9201, '2/13/08', '4/27/08', 44818517, 23492, 11905);
INSERT INTO drug_era (drug_era_id, person_id, drug_concept_id, drug_era_start_date, drug_era_end_date) values (52767, 1518, 1314577, '2/13/08', '4/27/08');
INSERT INTO drug_era (drug_era_id, person_id, drug_concept_id, drug_era_start_date, drug_era_end_date) values (52766, 1518, 1343916, '2/13/08', '4/27/08');
INSERT INTO drug_exposure (drug_exposure_id, person_id, drug_concept_id, drug_exposure_start_date, drug_exposure_end_date, drug_type_concept_id, quantity, days_supply, sig, indication_concept_id, drug_exposure_start_datetime, drug_exposure_end_datetime) values (149459, 1518, 19076899, '2/13/08', '4/27/08', 38000175, 1, 1, '4 times daily', null, '2/13/08 00:00:00', '4/27/08 00:00:00');
INSERT INTO drug_exposure (drug_exposure_id, person_id, drug_concept_id, drug_exposure_start_date, drug_exposure_end_date, drug_type_concept_id, quantity, days_supply, sig, indication_concept_id, drug_exposure_start_datetime, drug_exposure_end_datetime) values (149460, 1518, 1314581, '2/13/08', '4/27/08', 38000175, 60, 30, '2 times daily', null, '2/13/08 00:00:00', '4/27/08 00:00:00');
INSERT INTO person (person_id, gender_concept_id, year_of_birth, month_of_birth, day_of_birth, race_concept_id, ethnicity_concept_id, location_id) values (1518, 8507, 1954, 1, 1, 8527, 38003564, 321);
INSERT INTO drug_exposure (drug_exposure_id, person_id, drug_concept_id, drug_exposure_start_date, drug_exposure_end_date, drug_type_concept_id, quantity, days_supply, sig, indication_concept_id, drug_exposure_start_datetime, drug_exposure_end_datetime) values (149463, 1519, 755700, '2/13/08', '4/27/08', 38000175, 30, 30, '2 times daily', null, '2/13/08 00:00:00', '4/27/08 00:00:00');
INSERT INTO visit_occurrence (visit_occurrence_id, person_id, visit_concept_id, visit_start_date, visit_end_date, visit_type_concept_id, provider_id, care_site_id) values (135541, 1519, 9201, '2/13/08', '4/27/08', 44818517, 23492, 11905);
INSERT INTO drug_exposure (drug_exposure_id, person_id, drug_concept_id, drug_exposure_start_date, drug_exposure_end_date, drug_type_concept_id, quantity, days_supply, sig, indication_concept_id, drug_exposure_start_datetime, drug_exposure_end_datetime) values (149461, 1519, 19076899, '2/13/08', '4/27/08', 38000175, 1, 1, '4 times daily', 4340851, '2/13/08 00:00:00', '4/27/08 00:00:00');
INSERT INTO person (person_id, gender_concept_id, year_of_birth, month_of_birth, day_of_birth, race_concept_id, ethnicity_concept_id, location_id) values (1519, 8507, 1969, 1, 1, 8527, 38003564, 321);
INSERT INTO drug_era (drug_era_id, person_id, drug_concept_id, drug_era_start_date, drug_era_end_date) values (52768, 1519, 1343916, '2/13/08', '4/27/08');
INSERT INTO drug_era (drug_era_id, person_id, drug_concept_id, drug_era_start_date, drug_era_end_date) values (52770, 1519, 755695, '2/13/08', '4/27/08');
INSERT INTO drug_era (drug_era_id, person_id, drug_concept_id, drug_era_start_date, drug_era_end_date) values (52769, 1519, 1314577, '2/13/08', '4/27/08');
INSERT INTO drug_exposure (drug_exposure_id, person_id, drug_concept_id, drug_exposure_start_date, drug_exposure_end_date, drug_type_concept_id, quantity, days_supply, sig, indication_concept_id, drug_exposure_start_datetime, drug_exposure_end_datetime) values (149462, 1519, 19101573, '2/13/08', '4/27/08', 38000175, 30, 30, '4 times daily', null, '2/13/08 00:00:00', '4/27/08 00:00:00');
INSERT INTO visit_occurrence (visit_occurrence_id, person_id, visit_concept_id, visit_start_date, visit_end_date, visit_type_concept_id, provider_id, care_site_id) values (135542, 1520, 9201, '2/13/08', '4/27/08', 44818517, 23492, 11905);
INSERT INTO drug_exposure (drug_exposure_id, person_id, drug_concept_id, drug_exposure_start_date, drug_exposure_end_date, drug_type_concept_id, quantity, days_supply, sig, indication_concept_id, drug_exposure_start_datetime, drug_exposure_end_datetime) values (149466, 1520, 755700, '2/13/08', '4/27/08', 38000175, 30, 30, '3 times daily', null, '2/13/08 00:00:00', '4/27/08 00:00:00');
INSERT INTO drug_exposure (drug_exposure_id, person_id, drug_concept_id, drug_exposure_start_date, drug_exposure_end_date, drug_type_concept_id, quantity, days_supply, sig, indication_concept_id, drug_exposure_start_datetime, drug_exposure_end_datetime) values (149465, 1520, 902429, '2/13/08', '4/27/08', 38000175, 60, 30, 'Daily', null, '2/13/08 00:00:00', '4/27/08 00:00:00');
INSERT INTO drug_era (drug_era_id, person_id, drug_concept_id, drug_era_start_date, drug_era_end_date) values (52772, 1520, 902427, '2/13/08', '4/27/08');
INSERT INTO drug_era (drug_era_id, person_id, drug_concept_id, drug_era_start_date, drug_era_end_date) values (52771, 1520, 1343916, '2/13/08', '4/27/08');
INSERT INTO drug_era (drug_era_id, person_id, drug_concept_id, drug_era_start_date, drug_era_end_date) values (52773, 1520, 755695, '2/13/08', '4/27/08');
INSERT INTO person (person_id, gender_concept_id, year_of_birth, month_of_birth, day_of_birth, race_concept_id, ethnicity_concept_id, location_id) values (1520, 8507, 1958, 1, 1, 8527, 38003564, 321);
INSERT INTO drug_exposure (drug_exposure_id, person_id, drug_concept_id, drug_exposure_start_date, drug_exposure_end_date, drug_type_concept_id, quantity, days_supply, sig, indication_concept_id, drug_exposure_start_datetime, drug_exposure_end_datetime) values (149464, 1520, 19076899, '2/13/08', '4/27/08', 38000175, 1, 1, '4 times daily', 4340851, '2/13/08 00:00:00', '4/27/08 00:00:00');
INSERT INTO drug_era (drug_era_id, person_id, drug_concept_id, drug_era_start_date, drug_era_end_date) values (52774, 1521, 1343916, '2/13/08', '4/27/08');
INSERT INTO drug_era (drug_era_id, person_id, drug_concept_id, drug_era_start_date, drug_era_end_date) values (52775, 1521, 902427, '2/13/08', '4/27/08');
INSERT INTO drug_exposure (drug_exposure_id, person_id, drug_concept_id, drug_exposure_start_date, drug_exposure_end_date, drug_type_concept_id, quantity, days_supply, sig, indication_concept_id, drug_exposure_start_datetime, drug_exposure_end_datetime) values (149467, 1521, 19076899, '2/13/08', '4/27/08', 38000175, 1, 1, '4 times daily', 4340851, '2/13/08 00:00:00', '4/27/08 00:00:00');
INSERT INTO visit_occurrence (visit_occurrence_id, person_id, visit_concept_id, visit_start_date, visit_end_date, visit_type_concept_id, provider_id, care_site_id) values (135543, 1521, 9201, '2/13/08', '4/27/08', 44818517, 23492, 11905);
INSERT INTO drug_exposure (drug_exposure_id, person_id, drug_concept_id, drug_exposure_start_date, drug_exposure_end_date, drug_type_concept_id, quantity, days_supply, sig, indication_concept_id, drug_exposure_start_datetime, drug_exposure_end_datetime) values (149468, 1521, 902429, '2/13/08', '4/27/08', 38000175, 120, 30, 'Daily', null, '2/13/08 00:00:00', '4/27/08 00:00:00');
INSERT INTO person (person_id, gender_concept_id, year_of_birth, month_of_birth, day_of_birth, race_concept_id, ethnicity_concept_id, location_id) values (1521, 8507, 1972, 1, 1, 8527, 38003564, 321);
INSERT INTO visit_occurrence (visit_occurrence_id, person_id, visit_concept_id, visit_start_date, visit_end_date, visit_type_concept_id, provider_id, care_site_id) values (135544, 1522, 9201, '2/13/08', '4/27/08', 44818517, 23492, 11905);
INSERT INTO drug_exposure (drug_exposure_id, person_id, drug_concept_id, drug_exposure_start_date, drug_exposure_end_date, drug_type_concept_id, quantity, days_supply, sig, indication_concept_id, drug_exposure_start_datetime, drug_exposure_end_datetime) values (149470, 1522, 985711, '2/13/08', '4/27/08', 38000175, 10, 10, '3 times daily', null, '2/13/08 00:00:00', '4/27/08 00:00:00');
INSERT INTO person (person_id, gender_concept_id, year_of_birth, month_of_birth, day_of_birth, race_concept_id, ethnicity_concept_id, location_id) values (1522, 8507, 1958, 1, 1, 8527, 38003564, 321);
INSERT INTO drug_era (drug_era_id, person_id, drug_concept_id, drug_era_start_date, drug_era_end_date) values (52776, 1522, 19010482, '2/13/08', '4/27/08');
INSERT INTO drug_era (drug_era_id, person_id, drug_concept_id, drug_era_start_date, drug_era_end_date) values (52777, 1522, 985708, '2/13/08', '4/27/08');
INSERT INTO drug_exposure (drug_exposure_id, person_id, drug_concept_id, drug_exposure_start_date, drug_exposure_end_date, drug_type_concept_id, quantity, days_supply, sig, indication_concept_id, drug_exposure_start_datetime, drug_exposure_end_datetime) values (149469, 1522, 19082899, '2/13/08', '4/27/08', 38000175, 30, 30, '4 times daily', null, '2/13/08 00:00:00', '4/27/08 00:00:00');
INSERT INTO visit_occurrence (visit_occurrence_id, person_id, visit_concept_id, visit_start_date, visit_end_date, visit_type_concept_id, provider_id, care_site_id) values (135545, 1523, 9201, '2/13/08', '4/27/08', 44818517, 23492, 11905);
INSERT INTO drug_era (drug_era_id, person_id, drug_concept_id, drug_era_start_date, drug_era_end_date) values (52778, 1523, 19010482, '2/13/08', '4/27/08');
INSERT INTO drug_era (drug_era_id, person_id, drug_concept_id, drug_era_start_date, drug_era_end_date) values (52779, 1523, 1754994, '2/13/08', '4/27/08');
INSERT INTO person (person_id, gender_concept_id, year_of_birth, month_of_birth, day_of_birth, race_concept_id, ethnicity_concept_id, location_id) values (1523, 8507, 1951, 1, 1, 8527, 38003564, 321);
INSERT INTO drug_exposure (drug_exposure_id, person_id, drug_concept_id, drug_exposure_start_date, drug_exposure_end_date, drug_type_concept_id, quantity, days_supply, sig, indication_concept_id, drug_exposure_start_datetime, drug_exposure_end_datetime) values (149472, 1523, 1754995, '2/13/08', '4/27/08', 38000175, 20, 10, '3 times daily', null, '2/13/08 00:00:00', '4/27/08 00:00:00');
INSERT INTO drug_exposure (drug_exposure_id, person_id, drug_concept_id, drug_exposure_start_date, drug_exposure_end_date, drug_type_concept_id, quantity, days_supply, sig, indication_concept_id, drug_exposure_start_datetime, drug_exposure_end_datetime) values (149471, 1523, 19082899, '2/13/08', '4/27/08', 38000175, 30, 30, '2 times daily', null, '2/13/08 00:00:00', '4/27/08 00:00:00');
INSERT INTO drug_exposure (drug_exposure_id, person_id, drug_concept_id, drug_exposure_start_date, drug_exposure_end_date, drug_type_concept_id, quantity, days_supply, sig, indication_concept_id, drug_exposure_start_datetime, drug_exposure_end_datetime) values (149473, 1524, 19082899, '2/13/08', '4/27/08', 38000175, 30, 30, '2 times daily', null, '2/13/08 00:00:00', '4/27/08 00:00:00');
INSERT INTO drug_era (drug_era_id, person_id, drug_concept_id, drug_era_start_date, drug_era_end_date) values (52780, 1524, 19010482, '2/13/08', '4/27/08');
INSERT INTO drug_era (drug_era_id, person_id, drug_concept_id, drug_era_start_date, drug_era_end_date) values (52781, 1524, 1754994, '2/13/08', '4/27/08');
INSERT INTO visit_occurrence (visit_occurrence_id, person_id, visit_concept_id, visit_start_date, visit_end_date, visit_type_concept_id, provider_id, care_site_id) values (135546, 1524, 9201, '2/13/08', '4/27/08', 44818517, 23492, 11905);
INSERT INTO person (person_id, gender_concept_id, year_of_birth, month_of_birth, day_of_birth, race_concept_id, ethnicity_concept_id, location_id) values (1524, 8507, 1973, 1, 1, 8527, 38003564, 321);
INSERT INTO drug_exposure (drug_exposure_id, person_id, drug_concept_id, drug_exposure_start_date, drug_exposure_end_date, drug_type_concept_id, quantity, days_supply, sig, indication_concept_id, drug_exposure_start_datetime, drug_exposure_end_datetime) values (149474, 1524, 19124598, '2/13/08', '4/27/08', 38000175, 20, 10, '3 times daily', null, '2/13/08 00:00:00', '4/27/08 00:00:00');
INSERT INTO drug_era (drug_era_id, person_id, drug_concept_id, drug_era_start_date, drug_era_end_date) values (52782, 1525, 1310149, '2/13/08', '4/27/08');
INSERT INTO drug_era (drug_era_id, person_id, drug_concept_id, drug_era_start_date, drug_era_end_date) values (52783, 1525, 715939, '2/13/08', '4/27/08');
INSERT INTO drug_exposure (drug_exposure_id, person_id, drug_concept_id, drug_exposure_start_date, drug_exposure_end_date, drug_type_concept_id, quantity, days_supply, sig, indication_concept_id, drug_exposure_start_datetime, drug_exposure_end_datetime) values (149475, 1525, 40163518, '2/13/08', '4/27/08', 38000175, 30, 30, '3 times daily', null, '2/13/08 00:00:00', '4/27/08 00:00:00');
INSERT INTO person (person_id, gender_concept_id, year_of_birth, month_of_birth, day_of_birth, race_concept_id, ethnicity_concept_id, location_id) values (1525, 8507, 1940, 1, 1, 8527, 38003564, 321);
INSERT INTO visit_occurrence (visit_occurrence_id, person_id, visit_concept_id, visit_start_date, visit_end_date, visit_type_concept_id, provider_id, care_site_id) values (135547, 1525, 9201, '2/13/08', '4/27/08', 44818517, 23492, 11905);
INSERT INTO drug_exposure (drug_exposure_id, person_id, drug_concept_id, drug_exposure_start_date, drug_exposure_end_date, drug_type_concept_id, quantity, days_supply, sig, indication_concept_id, drug_exposure_start_datetime, drug_exposure_end_datetime) values (149476, 1525, 19098166, '2/13/08', '4/27/08', 38000175, 30, 30, '3 times daily', null, '2/13/08 00:00:00', '4/27/08 00:00:00');
INSERT INTO drug_era (drug_era_id, person_id, drug_concept_id, drug_era_start_date, drug_era_end_date) values (52785, 1526, 715939, '2/13/08', '4/27/08');
INSERT INTO drug_era (drug_era_id, person_id, drug_concept_id, drug_era_start_date, drug_era_end_date) values (52784, 1526, 1310149, '2/13/08', '4/27/08');
INSERT INTO person (person_id, gender_concept_id, year_of_birth, month_of_birth, day_of_birth, race_concept_id, ethnicity_concept_id, location_id) values (1526, 8507, 1975, 1, 1, 8527, 38003564, 321);
INSERT INTO drug_exposure (drug_exposure_id, person_id, drug_concept_id, drug_exposure_start_date, drug_exposure_end_date, drug_type_concept_id, quantity, days_supply, sig, indication_concept_id, drug_exposure_start_datetime, drug_exposure_end_datetime) values (149478, 1526, 19098166, '2/13/08', '4/27/08', 38000175, 30, 30, '2 times daily', null, '2/13/08 00:00:00', '4/27/08 00:00:00');
INSERT INTO visit_occurrence (visit_occurrence_id, person_id, visit_concept_id, visit_start_date, visit_end_date, visit_type_concept_id, provider_id, care_site_id) values (135548, 1526, 9201, '2/13/08', '4/27/08', 44818517, 23492, 11905);
INSERT INTO drug_exposure (drug_exposure_id, person_id, drug_concept_id, drug_exposure_start_date, drug_exposure_end_date, drug_type_concept_id, quantity, days_supply, sig, indication_concept_id, drug_exposure_start_datetime, drug_exposure_end_datetime) values (149479, 1526, 1551192, '2/13/08', '4/27/08', 38000175, 30, 30, '2 times daily', null, '2/13/08 00:00:00', '4/27/08 00:00:00');
INSERT INTO drug_exposure (drug_exposure_id, person_id, drug_concept_id, drug_exposure_start_date, drug_exposure_end_date, drug_type_concept_id, quantity, days_supply, sig, indication_concept_id, drug_exposure_start_datetime, drug_exposure_end_datetime) values (149477, 1526, 40163518, '2/13/08', '4/27/08', 38000175, 30, 30, '4 times daily', null, '2/13/08 00:00:00', '4/27/08 00:00:00');
INSERT INTO drug_era (drug_era_id, person_id, drug_concept_id, drug_era_start_date, drug_era_end_date) values (52786, 1526, 1551099, '2/13/08', '4/27/08');
INSERT INTO visit_occurrence (visit_occurrence_id, person_id, visit_concept_id, visit_start_date, visit_end_date, visit_type_concept_id, provider_id, care_site_id) values (135549, 1527, 9201, '2/13/08', '4/27/08', 44818517, 23492, 11905);
INSERT INTO drug_era (drug_era_id, person_id, drug_concept_id, drug_era_start_date, drug_era_end_date) values (52794, 1527, 19039926, '2/13/08', '4/27/08');
INSERT INTO drug_exposure (drug_exposure_id, person_id, drug_concept_id, drug_exposure_start_date, drug_exposure_end_date, drug_type_concept_id, quantity, days_supply, sig, indication_concept_id, drug_exposure_start_datetime, drug_exposure_end_datetime) values (149481, 1527, 19098166, '2/13/08', '4/27/08', 38000175, 30, 30, '2 times daily', null, '2/13/08 00:00:00', '4/27/08 00:00:00');
INSERT INTO drug_exposure (drug_exposure_id, person_id, drug_concept_id, drug_exposure_start_date, drug_exposure_end_date, drug_type_concept_id, quantity, days_supply, sig, indication_concept_id, drug_exposure_start_datetime, drug_exposure_end_datetime) values (149482, 1527, 970282, '2/13/08', '4/27/08', 38000175, 30, 30, '4 times daily', null, '2/13/08 00:00:00', '4/27/08 00:00:00');
INSERT INTO person (person_id, gender_concept_id, year_of_birth, month_of_birth, day_of_birth, race_concept_id, ethnicity_concept_id, location_id) values (1527, 8507, 1992, 1, 1, 8527, 38003564, 321);
INSERT INTO drug_era (drug_era_id, person_id, drug_concept_id, drug_era_start_date, drug_era_end_date) values (52788, 1527, 715939, '2/13/08', '4/27/08');
INSERT INTO drug_era (drug_era_id, person_id, drug_concept_id, drug_era_start_date, drug_era_end_date) values (52787, 1527, 1310149, '2/13/08', '4/27/08');
INSERT INTO drug_exposure (drug_exposure_id, person_id, drug_concept_id, drug_exposure_start_date, drug_exposure_end_date, drug_type_concept_id, quantity, days_supply, sig, indication_concept_id, drug_exposure_start_datetime, drug_exposure_end_datetime) values (149487, 1527, 19133802, '2/13/08', '4/27/08', 38000175, 30, 30, '2 times daily', null, '2/13/08 00:00:00', '4/27/08 00:00:00');
INSERT INTO drug_era (drug_era_id, person_id, drug_concept_id, drug_era_start_date, drug_era_end_date) values (52789, 1527, 970250, '2/13/08', '4/27/08');
INSERT INTO drug_exposure (drug_exposure_id, person_id, drug_concept_id, drug_exposure_start_date, drug_exposure_end_date, drug_type_concept_id, quantity, days_supply, sig, indication_concept_id, drug_exposure_start_datetime, drug_exposure_end_datetime) values (149480, 1527, 40163518, '2/13/08', '4/27/08', 38000175, 30, 30, '4 times daily', null, '2/13/08 00:00:00', '4/27/08 00:00:00');
INSERT INTO visit_occurrence (visit_occurrence_id, person_id, visit_concept_id, visit_start_date, visit_end_date, visit_type_concept_id, provider_id, care_site_id) values (135550, 1528, 9201, '2/13/08', '4/27/08', 44818517, 23492, 11905);
INSERT INTO condition_era (condition_era_id, person_id, condition_concept_id, condition_era_start_date, condition_era_end_date) values (121388, 1528, 4046500, '2/13/08', '4/27/08');
INSERT INTO drug_exposure (drug_exposure_id, person_id, drug_concept_id, drug_exposure_start_date, drug_exposure_end_date, drug_type_concept_id, quantity, days_supply, sig, indication_concept_id, drug_exposure_start_datetime, drug_exposure_end_datetime) values (149484, 1528, 19098166, '2/13/08', '4/27/08', 38000175, 30, 30, '4 times daily', null, '2/13/08 00:00:00', '4/27/08 00:00:00');
INSERT INTO person (person_id, gender_concept_id, year_of_birth, month_of_birth, day_of_birth, race_concept_id, ethnicity_concept_id, location_id) values (1528, 8507, 1990, 1, 1, 8527, 38003564, 321);
INSERT INTO drug_era (drug_era_id, person_id, drug_concept_id, drug_era_start_date, drug_era_end_date) values (52790, 1528, 1310149, '2/13/08', '4/27/08');
INSERT INTO drug_era (drug_era_id, person_id, drug_concept_id, drug_era_start_date, drug_era_end_date) values (52791, 1528, 715939, '2/13/08', '4/27/08');
INSERT INTO drug_exposure (drug_exposure_id, person_id, drug_concept_id, drug_exposure_start_date, drug_exposure_end_date, drug_type_concept_id, quantity, days_supply, sig, indication_concept_id, drug_exposure_start_datetime, drug_exposure_end_datetime) values (149483, 1528, 40163518, '2/13/08', '4/27/08', 38000175, 30, 30, '4 times daily', null, '2/13/08 00:00:00', '4/27/08 00:00:00');
INSERT INTO person (person_id, gender_concept_id, year_of_birth, month_of_birth, day_of_birth, race_concept_id, ethnicity_concept_id, location_id) values (1529, 8507, 1980, 1, 1, 8527, 38003564, 321);
INSERT INTO visit_occurrence (visit_occurrence_id, person_id, visit_concept_id, visit_start_date, visit_end_date, visit_type_concept_id, provider_id, care_site_id) values (135551, 1529, 9201, '2/13/08', '4/27/08', 44818517, 23492, 11905);
INSERT INTO drug_era (drug_era_id, person_id, drug_concept_id, drug_era_start_date, drug_era_end_date) values (52793, 1529, 715939, '2/13/08', '4/27/08');
INSERT INTO drug_exposure (drug_exposure_id, person_id, drug_concept_id, drug_exposure_start_date, drug_exposure_end_date, drug_type_concept_id, quantity, days_supply, sig, indication_concept_id, drug_exposure_start_datetime, drug_exposure_end_datetime) values (149486, 1529, 19098166, '2/13/08', '4/27/08', 38000175, 30, 30, '2 times daily', null, '2/13/08 00:00:00', '4/27/08 00:00:00');
INSERT INTO drug_exposure (drug_exposure_id, person_id, drug_concept_id, drug_exposure_start_date, drug_exposure_end_date, drug_type_concept_id, quantity, days_supply, sig, indication_concept_id, drug_exposure_start_datetime, drug_exposure_end_datetime) values (149485, 1529, 40163518, '2/13/08', '4/27/08', 38000175, 30, 30, '2 times daily', null, '2/13/08 00:00:00', '4/27/08 00:00:00');
INSERT INTO drug_era (drug_era_id, person_id, drug_concept_id, drug_era_start_date, drug_era_end_date) values (52792, 1529, 1310149, '2/13/08', '4/27/08');
INSERT INTO visit_occurrence (visit_occurrence_id, person_id, visit_concept_id, visit_start_date, visit_end_date, visit_type_concept_id, provider_id, care_site_id) values (135552, 1530, 9201, '2/13/08', '4/27/08', 44818517, 23492, 11905);
INSERT INTO drug_exposure (drug_exposure_id, person_id, drug_concept_id, drug_exposure_start_date, drug_exposure_end_date, drug_type_concept_id, quantity, days_supply, sig, indication_concept_id, drug_exposure_start_datetime, drug_exposure_end_datetime) values (149488, 1530, 19019004, '2/13/08', '4/27/08', 38000175, 60, 30, 'Daily', null, '2/13/08 00:00:00', '4/27/08 00:00:00');
INSERT INTO person (person_id, gender_concept_id, year_of_birth, month_of_birth, day_of_birth, race_concept_id, ethnicity_concept_id, location_id) values (1530, 8507, 1955, 1, 1, 8527, 38003564, 321);
INSERT INTO drug_era (drug_era_id, person_id, drug_concept_id, drug_era_start_date, drug_era_end_date) values (52796, 1530, 1124957, '2/13/08', '4/27/08');
INSERT INTO drug_exposure (drug_exposure_id, person_id, drug_concept_id, drug_exposure_start_date, drug_exposure_end_date, drug_type_concept_id, quantity, days_supply, sig, indication_concept_id, drug_exposure_start_datetime, drug_exposure_end_datetime) values (149489, 1530, 40232717, '2/13/08', '4/27/08', 38000175, 120, 30, 'Daily', null, '2/13/08 00:00:00', '4/27/08 00:00:00');
INSERT INTO drug_era (drug_era_id, person_id, drug_concept_id, drug_era_start_date, drug_era_end_date) values (52795, 1530, 1754994, '2/13/08', '4/27/08');
INSERT INTO drug_exposure (drug_exposure_id, person_id, drug_concept_id, drug_exposure_start_date, drug_exposure_end_date, drug_type_concept_id, quantity, days_supply, sig, indication_concept_id, drug_exposure_start_datetime, drug_exposure_end_datetime) values (149491, 1531, 757712, '2/13/08', '4/27/08', 38000175, 30, 30, '2 times daily', null, '2/13/08 00:00:00', '4/27/08 00:00:00');
INSERT INTO drug_exposure (drug_exposure_id, person_id, drug_concept_id, drug_exposure_start_date, drug_exposure_end_date, drug_type_concept_id, quantity, days_supply, sig, indication_concept_id, drug_exposure_start_datetime, drug_exposure_end_datetime) values (149490, 1531, 906891, '2/13/08', '4/27/08', 38000175, 30, 30, '4 times daily', null, '2/13/08 00:00:00', '4/27/08 00:00:00');
INSERT INTO drug_era (drug_era_id, person_id, drug_concept_id, drug_era_start_date, drug_era_end_date) values (52798, 1531, 757688, '2/13/08', '4/27/08');
INSERT INTO visit_occurrence (visit_occurrence_id, person_id, visit_concept_id, visit_start_date, visit_end_date, visit_type_concept_id, provider_id, care_site_id) values (135553, 1531, 9201, '2/13/08', '4/27/08', 44818517, 23492, 11905);
INSERT INTO person (person_id, gender_concept_id, year_of_birth, month_of_birth, day_of_birth, race_concept_id, ethnicity_concept_id, location_id) values (1531, 8507, 1954, 1, 1, 8527, 38003564, 321);
INSERT INTO drug_era (drug_era_id, person_id, drug_concept_id, drug_era_start_date, drug_era_end_date) values (52797, 1531, 906780, '2/13/08', '4/27/08');
INSERT INTO drug_era (drug_era_id, person_id, drug_concept_id, drug_era_start_date, drug_era_end_date) values (52800, 1532, 766814, '2/13/08', '4/27/08');
INSERT INTO visit_occurrence (visit_occurrence_id, person_id, visit_concept_id, visit_start_date, visit_end_date, visit_type_concept_id, provider_id, care_site_id) values (135554, 1532, 9201, '2/13/08', '4/27/08', 44818517, 23492, 11905);
INSERT INTO drug_era (drug_era_id, person_id, drug_concept_id, drug_era_start_date, drug_era_end_date) values (52799, 1532, 906780, '2/13/08', '4/27/08');
INSERT INTO person (person_id, gender_concept_id, year_of_birth, month_of_birth, day_of_birth, race_concept_id, ethnicity_concept_id, location_id) values (1532, 8507, 1967, 1, 1, 8527, 38003564, 321);
INSERT INTO drug_exposure (drug_exposure_id, person_id, drug_concept_id, drug_exposure_start_date, drug_exposure_end_date, drug_type_concept_id, quantity, days_supply, sig, indication_concept_id, drug_exposure_start_datetime, drug_exposure_end_datetime) values (149493, 1532, 766842, '2/13/08', '4/27/08', 38000175, 30, 30, '4 times daily', null, '2/13/08 00:00:00', '4/27/08 00:00:00');
INSERT INTO drug_exposure (drug_exposure_id, person_id, drug_concept_id, drug_exposure_start_date, drug_exposure_end_date, drug_type_concept_id, quantity, days_supply, sig, indication_concept_id, drug_exposure_start_datetime, drug_exposure_end_datetime) values (149492, 1532, 906891, '2/13/08', '4/27/08', 38000175, 30, 30, '4 times daily', null, '2/13/08 00:00:00', '4/27/08 00:00:00');
INSERT INTO drug_era (drug_era_id, person_id, drug_concept_id, drug_era_start_date, drug_era_end_date) values (52801, 1532, 715997, '2/13/08', '4/27/08');
INSERT INTO drug_exposure (drug_exposure_id, person_id, drug_concept_id, drug_exposure_start_date, drug_exposure_end_date, drug_type_concept_id, quantity, days_supply, sig, indication_concept_id, drug_exposure_start_datetime, drug_exposure_end_datetime) values (149494, 1532, 40223768, '2/13/08', '4/27/08', 38000175, 30, 30, '2 times daily', null, '2/13/08 00:00:00', '4/27/08 00:00:00');
INSERT INTO drug_exposure (drug_exposure_id, person_id, drug_concept_id, drug_exposure_start_date, drug_exposure_end_date, drug_type_concept_id, quantity, days_supply, sig, indication_concept_id, drug_exposure_start_datetime, drug_exposure_end_datetime) values (149496, 1533, 902429, '2/13/08', '4/27/08', 38000175, 120, 30, 'Daily', null, '2/13/08 00:00:00', '4/27/08 00:00:00');
INSERT INTO visit_occurrence (visit_occurrence_id, person_id, visit_concept_id, visit_start_date, visit_end_date, visit_type_concept_id, provider_id, care_site_id) values (135555, 1533, 9201, '2/13/08', '4/27/08', 44818517, 23492, 11905);
INSERT INTO person (person_id, gender_concept_id, year_of_birth, month_of_birth, day_of_birth, race_concept_id, ethnicity_concept_id, location_id) values (1533, 8507, 1945, 1, 1, 8527, 38003564, 321);
INSERT INTO drug_era (drug_era_id, person_id, drug_concept_id, drug_era_start_date, drug_era_end_date) values (52803, 1533, 902427, '2/13/08', '4/27/08');
INSERT INTO condition_era (condition_era_id, person_id, condition_concept_id, condition_era_start_date, condition_era_end_date) values (121389, 1533, 4309669, '2/13/08', '4/27/08');
INSERT INTO drug_era (drug_era_id, person_id, drug_concept_id, drug_era_start_date, drug_era_end_date) values (52802, 1533, 1343916, '2/13/08', '4/27/08');
INSERT INTO drug_exposure (drug_exposure_id, person_id, drug_concept_id, drug_exposure_start_date, drug_exposure_end_date, drug_type_concept_id, quantity, days_supply, sig, indication_concept_id, drug_exposure_start_datetime, drug_exposure_end_datetime) values (149495, 1533, 19076899, '2/13/08', '4/27/08', 38000175, 1, 1, '4 times daily', 4340851, '2/13/08 00:00:00', '4/27/08 00:00:00');
INSERT INTO drug_era (drug_era_id, person_id, drug_concept_id, drug_era_start_date, drug_era_end_date) values (52804, 1534, 1343916, '2/13/08', '4/27/08');
INSERT INTO condition_era (condition_era_id, person_id, condition_concept_id, condition_era_start_date, condition_era_end_date) values (121390, 1534, 4309669, '2/13/08', '4/27/08');
INSERT INTO drug_exposure (drug_exposure_id, person_id, drug_concept_id, drug_exposure_start_date, drug_exposure_end_date, drug_type_concept_id, quantity, days_supply, sig, indication_concept_id, drug_exposure_start_datetime, drug_exposure_end_datetime) values (149497, 1534, 19076899, '2/13/08', '4/27/08', 38000175, 1, 1, '4 times daily', null, '2/13/08 00:00:00', '4/27/08 00:00:00');
INSERT INTO drug_era (drug_era_id, person_id, drug_concept_id, drug_era_start_date, drug_era_end_date) values (52805, 1534, 1307046, '2/13/08', '4/27/08');
INSERT INTO visit_occurrence (visit_occurrence_id, person_id, visit_concept_id, visit_start_date, visit_end_date, visit_type_concept_id, provider_id, care_site_id) values (135556, 1534, 9201, '2/13/08', '4/27/08', 44818517, 23492, 11905);
INSERT INTO drug_exposure (drug_exposure_id, person_id, drug_concept_id, drug_exposure_start_date, drug_exposure_end_date, drug_type_concept_id, quantity, days_supply, sig, indication_concept_id, drug_exposure_start_datetime, drug_exposure_end_datetime) values (149498, 1534, 46221724, '2/13/08', '4/27/08', 38000175, 60, 30, '2 times daily', null, '2/13/08 00:00:00', '4/27/08 00:00:00');
INSERT INTO person (person_id, gender_concept_id, year_of_birth, month_of_birth, day_of_birth, race_concept_id, ethnicity_concept_id, location_id) values (1534, 8507, 1945, 1, 1, 8527, 38003564, 321);
INSERT INTO drug_era (drug_era_id, person_id, drug_concept_id, drug_era_start_date, drug_era_end_date) values (52806, 1535, 1343916, '2/13/08', '4/27/08');
INSERT INTO condition_era (condition_era_id, person_id, condition_concept_id, condition_era_start_date, condition_era_end_date) values (121391, 1535, 4309669, '2/13/08', '4/27/08');
INSERT INTO visit_occurrence (visit_occurrence_id, person_id, visit_concept_id, visit_start_date, visit_end_date, visit_type_concept_id, provider_id, care_site_id) values (135557, 1535, 9201, '2/13/08', '4/27/08', 44818517, 23492, 11905);
INSERT INTO person (person_id, gender_concept_id, year_of_birth, month_of_birth, day_of_birth, race_concept_id, ethnicity_concept_id, location_id) values (1535, 8507, 1945, 1, 1, 8527, 38003564, 321);
INSERT INTO drug_exposure (drug_exposure_id, person_id, drug_concept_id, drug_exposure_start_date, drug_exposure_end_date, drug_type_concept_id, quantity, days_supply, sig, indication_concept_id, drug_exposure_start_datetime, drug_exposure_end_datetime) values (149500, 1535, 1314581, '2/13/08', '4/27/08', 38000175, 60, 30, 'Daily', null, '2/13/08 00:00:00', '4/27/08 00:00:00');
INSERT INTO drug_exposure (drug_exposure_id, person_id, drug_concept_id, drug_exposure_start_date, drug_exposure_end_date, drug_type_concept_id, quantity, days_supply, sig, indication_concept_id, drug_exposure_start_datetime, drug_exposure_end_datetime) values (149499, 1535, 19076899, '2/13/08', '4/27/08', 38000175, 1, 1, '4 times daily', null, '2/13/08 00:00:00', '4/27/08 00:00:00');
INSERT INTO drug_era (drug_era_id, person_id, drug_concept_id, drug_era_start_date, drug_era_end_date) values (52807, 1535, 1314577, '2/13/08', '4/27/08');
INSERT INTO visit_occurrence (visit_occurrence_id, person_id, visit_concept_id, visit_start_date, visit_end_date, visit_type_concept_id, provider_id, care_site_id) values (135558, 1536, 9201, '2/13/08', '4/27/08', 44818517, 23492, 11905);
INSERT INTO drug_exposure (drug_exposure_id, person_id, drug_concept_id, drug_exposure_start_date, drug_exposure_end_date, drug_type_concept_id, quantity, days_supply, sig, indication_concept_id, drug_exposure_start_datetime, drug_exposure_end_datetime) values (149501, 1536, 46287321, '2/13/08', '4/27/08', 38000175, 1, 1, '4 times daily', null, '2/13/08 00:00:00', '4/27/08 00:00:00');
INSERT INTO drug_era (drug_era_id, person_id, drug_concept_id, drug_era_start_date, drug_era_end_date) values (52809, 1536, 19037038, '2/13/08', '4/27/08');
INSERT INTO drug_exposure (drug_exposure_id, person_id, drug_concept_id, drug_exposure_start_date, drug_exposure_end_date, drug_type_concept_id, quantity, days_supply, sig, indication_concept_id, drug_exposure_start_datetime, drug_exposure_end_datetime) values (149502, 1536, 42709020, '2/13/08', '4/27/08', 38000175, 1, 1, '4 times daily', null, '2/13/08 00:00:00', '4/27/08 00:00:00');
INSERT INTO drug_era (drug_era_id, person_id, drug_concept_id, drug_era_start_date, drug_era_end_date) values (52808, 1536, 1777806, '2/13/08', '4/27/08');
INSERT INTO person (person_id, gender_concept_id, year_of_birth, month_of_birth, day_of_birth, race_concept_id, ethnicity_concept_id, location_id) values (1536, 8507, 2008, 3, 10, 8527, 38003564, 321);
INSERT INTO drug_exposure (drug_exposure_id, person_id, drug_concept_id, drug_exposure_start_date, drug_exposure_end_date, drug_type_concept_id, quantity, days_supply, sig, indication_concept_id, drug_exposure_start_datetime, drug_exposure_end_datetime) values (149503, 1537, 46287321, '2/13/08', '4/27/08', 38000175, 1, 1, '4 times daily', null, '2/13/08 00:00:00', '4/27/08 00:00:00');
INSERT INTO drug_era (drug_era_id, person_id, drug_concept_id, drug_era_start_date, drug_era_end_date) values (52810, 1537, 1777806, '2/13/08', '4/27/08');
INSERT INTO visit_occurrence (visit_occurrence_id, person_id, visit_concept_id, visit_start_date, visit_end_date, visit_type_concept_id, provider_id, care_site_id) values (135559, 1537, 9201, '2/13/08', '4/27/08', 44818517, 23492, 11905);
INSERT INTO drug_exposure (drug_exposure_id, person_id, drug_concept_id, drug_exposure_start_date, drug_exposure_end_date, drug_type_concept_id, quantity, days_supply, sig, indication_concept_id, drug_exposure_start_datetime, drug_exposure_end_datetime) values (149504, 1537, 42800573, '2/13/08', '4/27/08', 38000175, 1, 1, '4 times daily', null, '2/13/08 00:00:00', '4/27/08 00:00:00');
INSERT INTO person (person_id, gender_concept_id, year_of_birth, month_of_birth, day_of_birth, race_concept_id, ethnicity_concept_id, location_id) values (1537, 8507, 2007, 11, 15, 8527, 38003564, 321);
INSERT INTO drug_era (drug_era_id, person_id, drug_concept_id, drug_era_start_date, drug_era_end_date) values (52811, 1537, 19036781, '2/13/08', '4/27/08');
INSERT INTO person (person_id, gender_concept_id, year_of_birth, month_of_birth, day_of_birth, race_concept_id, ethnicity_concept_id, location_id) values (1538, 8507, 1955, 1, 1, 8527, 38003564, 321);
INSERT INTO drug_exposure (drug_exposure_id, person_id, drug_concept_id, drug_exposure_start_date, drug_exposure_end_date, drug_type_concept_id, quantity, days_supply, sig, indication_concept_id, drug_exposure_start_datetime, drug_exposure_end_datetime) values (149505, 1538, 40163518, '2/13/08', '4/27/08', 38000175, 30, 30, '2 times daily', null, '2/13/08 00:00:00', '4/27/08 00:00:00');
INSERT INTO visit_occurrence (visit_occurrence_id, person_id, visit_concept_id, visit_start_date, visit_end_date, visit_type_concept_id, provider_id, care_site_id) values (135560, 1538, 9201, '2/13/08', '4/27/08', 44818517, 23492, 11905);
INSERT INTO drug_exposure (drug_exposure_id, person_id, drug_concept_id, drug_exposure_start_date, drug_exposure_end_date, drug_type_concept_id, quantity, days_supply, sig, indication_concept_id, drug_exposure_start_datetime, drug_exposure_end_datetime) values (149506, 1538, 1112896, '2/13/08', '4/27/08', 38000175, 210, 30, 'Daily', null, '2/13/08 00:00:00', '4/27/08 00:00:00');
INSERT INTO drug_era (drug_era_id, person_id, drug_concept_id, drug_era_start_date, drug_era_end_date) values (52813, 1538, 1112807, '2/13/08', '4/27/08');
INSERT INTO drug_era (drug_era_id, person_id, drug_concept_id, drug_era_start_date, drug_era_end_date) values (52812, 1538, 1310149, '2/13/08', '4/27/08');
INSERT INTO person (person_id, gender_concept_id, year_of_birth, month_of_birth, day_of_birth, race_concept_id, ethnicity_concept_id, location_id) values (1539, 8507, 1953, 1, 1, 8527, 38003564, 321);
INSERT INTO visit_occurrence (visit_occurrence_id, person_id, visit_concept_id, visit_start_date, visit_end_date, visit_type_concept_id, provider_id, care_site_id) values (135561, 1539, 9201, '2/13/08', '4/27/08', 44818517, 23492, 11905);
INSERT INTO drug_era (drug_era_id, person_id, drug_concept_id, drug_era_start_date, drug_era_end_date) values (52814, 1539, 1310149, '2/13/08', '4/27/08');
INSERT INTO drug_era (drug_era_id, person_id, drug_concept_id, drug_era_start_date, drug_era_end_date) values (52815, 1539, 1112807, '2/13/08', '4/27/08');
INSERT INTO drug_exposure (drug_exposure_id, person_id, drug_concept_id, drug_exposure_start_date, drug_exposure_end_date, drug_type_concept_id, quantity, days_supply, sig, indication_concept_id, drug_exposure_start_datetime, drug_exposure_end_datetime) values (149508, 1539, 1112896, '2/13/08', '4/27/08', 38000175, 60, 30, '2 times daily', null, '2/13/08 00:00:00', '4/27/08 00:00:00');
INSERT INTO drug_exposure (drug_exposure_id, person_id, drug_concept_id, drug_exposure_start_date, drug_exposure_end_date, drug_type_concept_id, quantity, days_supply, sig, indication_concept_id, drug_exposure_start_datetime, drug_exposure_end_datetime) values (149507, 1539, 40163518, '2/13/08', '4/27/08', 38000175, 30, 30, '3 times daily', null, '2/13/08 00:00:00', '4/27/08 00:00:00');
INSERT INTO drug_era (drug_era_id, person_id, drug_concept_id, drug_era_start_date, drug_era_end_date) values (52816, 1540, 1310149, '2/13/08', '4/27/08');
INSERT INTO visit_occurrence (visit_occurrence_id, person_id, visit_concept_id, visit_start_date, visit_end_date, visit_type_concept_id, provider_id, care_site_id) values (135562, 1540, 9201, '2/13/08', '4/27/08', 44818517, 23492, 11905);
INSERT INTO drug_era (drug_era_id, person_id, drug_concept_id, drug_era_start_date, drug_era_end_date) values (52817, 1540, 1137460, '2/13/08', '4/27/08');
INSERT INTO drug_exposure (drug_exposure_id, person_id, drug_concept_id, drug_exposure_start_date, drug_exposure_end_date, drug_type_concept_id, quantity, days_supply, sig, indication_concept_id, drug_exposure_start_datetime, drug_exposure_end_datetime) values (149510, 1540, 19121933, '2/13/08', '4/27/08', 38000175, 60, 30, '2 times daily', null, '2/13/08 00:00:00', '4/27/08 00:00:00');
INSERT INTO drug_exposure (drug_exposure_id, person_id, drug_concept_id, drug_exposure_start_date, drug_exposure_end_date, drug_type_concept_id, quantity, days_supply, sig, indication_concept_id, drug_exposure_start_datetime, drug_exposure_end_datetime) values (149509, 1540, 40163518, '2/13/08', '4/27/08', 38000175, 30, 30, '2 times daily', null, '2/13/08 00:00:00', '4/27/08 00:00:00');
INSERT INTO person (person_id, gender_concept_id, year_of_birth, month_of_birth, day_of_birth, race_concept_id, ethnicity_concept_id, location_id) values (1540, 8507, 1952, 1, 1, 8527, 38003564, 321);
INSERT INTO visit_occurrence (visit_occurrence_id, person_id, visit_concept_id, visit_start_date, visit_end_date, visit_type_concept_id, provider_id, care_site_id) values (135563, 1541, 9201, '2/13/08', '4/27/08', 44818517, 23492, 11905);
INSERT INTO drug_exposure (drug_exposure_id, person_id, drug_concept_id, drug_exposure_start_date, drug_exposure_end_date, drug_type_concept_id, quantity, days_supply, sig, indication_concept_id, drug_exposure_start_datetime, drug_exposure_end_datetime) values (149511, 1541, 40163518, '2/13/08', '4/27/08', 38000175, 30, 30, '4 times daily', null, '2/13/08 00:00:00', '4/27/08 00:00:00');
INSERT INTO person (person_id, gender_concept_id, year_of_birth, month_of_birth, day_of_birth, race_concept_id, ethnicity_concept_id, location_id) values (1541, 8507, 1957, 1, 1, 8527, 38003564, 321);
INSERT INTO drug_era (drug_era_id, person_id, drug_concept_id, drug_era_start_date, drug_era_end_date) values (52818, 1541, 1310149, '2/13/08', '4/27/08');
INSERT INTO drug_exposure (drug_exposure_id, person_id, drug_concept_id, drug_exposure_start_date, drug_exposure_end_date, drug_type_concept_id, quantity, days_supply, sig, indication_concept_id, drug_exposure_start_datetime, drug_exposure_end_datetime) values (149512, 1541, 19121933, '2/13/08', '4/27/08', 38000175, 150, 30, 'Daily', null, '2/13/08 00:00:00', '4/27/08 00:00:00');
INSERT INTO drug_era (drug_era_id, person_id, drug_concept_id, drug_era_start_date, drug_era_end_date) values (52819, 1541, 1137460, '2/13/08', '4/27/08');
INSERT INTO visit_occurrence (visit_occurrence_id, person_id, visit_concept_id, visit_start_date, visit_end_date, visit_type_concept_id, provider_id, care_site_id) values (135564, 1542, 9201, '2/13/08', '4/27/08', 44818517, 23492, 11905);
INSERT INTO drug_exposure (drug_exposure_id, person_id, drug_concept_id, drug_exposure_start_date, drug_exposure_end_date, drug_type_concept_id, quantity, days_supply, sig, indication_concept_id, drug_exposure_start_datetime, drug_exposure_end_datetime) values (149514, 1542, 19074271, '2/13/08', '4/27/08', 38000175, 900, 30, 'Daily', null, '2/13/08 00:00:00', '4/27/08 00:00:00');
INSERT INTO drug_era (drug_era_id, person_id, drug_concept_id, drug_era_start_date, drug_era_end_date) values (52820, 1542, 1310149, '2/13/08', '4/27/08');
INSERT INTO person (person_id, gender_concept_id, year_of_birth, month_of_birth, day_of_birth, race_concept_id, ethnicity_concept_id, location_id) values (1542, 8507, 1958, 1, 1, 8527, 38003564, 321);
INSERT INTO drug_exposure (drug_exposure_id, person_id, drug_concept_id, drug_exposure_start_date, drug_exposure_end_date, drug_type_concept_id, quantity, days_supply, sig, indication_concept_id, drug_exposure_start_datetime, drug_exposure_end_datetime) values (149513, 1542, 40163518, '2/13/08', '4/27/08', 38000175, 30, 30, '2 times daily', null, '2/13/08 00:00:00', '4/27/08 00:00:00');
INSERT INTO drug_era (drug_era_id, person_id, drug_concept_id, drug_era_start_date, drug_era_end_date) values (52821, 1542, 937791, '2/13/08', '4/27/08');
INSERT INTO person (person_id, gender_concept_id, year_of_birth, month_of_birth, day_of_birth, race_concept_id, ethnicity_concept_id, location_id) values (1543, 8507, 1943, 1, 1, 8527, 38003564, 321);
INSERT INTO drug_exposure (drug_exposure_id, person_id, drug_concept_id, drug_exposure_start_date, drug_exposure_end_date, drug_type_concept_id, quantity, days_supply, sig, indication_concept_id, drug_exposure_start_datetime, drug_exposure_end_datetime) values (149515, 1543, 40163518, '2/13/08', '4/27/08', 38000175, 30, 30, '4 times daily', null, '2/13/08 00:00:00', '4/27/08 00:00:00');
INSERT INTO drug_era (drug_era_id, person_id, drug_concept_id, drug_era_start_date, drug_era_end_date) values (52823, 1543, 937791, '2/13/08', '4/27/08');
INSERT INTO visit_occurrence (visit_occurrence_id, person_id, visit_concept_id, visit_start_date, visit_end_date, visit_type_concept_id, provider_id, care_site_id) values (135565, 1543, 9201, '2/13/08', '4/27/08', 44818517, 23492, 11905);
INSERT INTO drug_exposure (drug_exposure_id, person_id, drug_concept_id, drug_exposure_start_date, drug_exposure_end_date, drug_type_concept_id, quantity, days_supply, sig, indication_concept_id, drug_exposure_start_datetime, drug_exposure_end_datetime) values (149516, 1543, 19074250, '2/13/08', '4/27/08', 38000175, 60, 30, 'Daily', null, '2/13/08 00:00:00', '4/27/08 00:00:00');
INSERT INTO drug_era (drug_era_id, person_id, drug_concept_id, drug_era_start_date, drug_era_end_date) values (52822, 1543, 1310149, '2/13/08', '4/27/08');
INSERT INTO person (person_id, gender_concept_id, year_of_birth, month_of_birth, day_of_birth, race_concept_id, ethnicity_concept_id, location_id) values (1544, 8507, 1950, 1, 1, 8527, 38003564, 321);
INSERT INTO drug_era (drug_era_id, person_id, drug_concept_id, drug_era_start_date, drug_era_end_date) values (52824, 1544, 19049105, '2/13/08', '4/27/08');
INSERT INTO drug_exposure (drug_exposure_id, person_id, drug_concept_id, drug_exposure_start_date, drug_exposure_end_date, drug_type_concept_id, quantity, days_supply, sig, indication_concept_id, drug_exposure_start_datetime, drug_exposure_end_datetime) values (149517, 1544, 19049371, '2/13/08', '4/27/08', 38000175, 30, 30, '3 times daily', null, '2/13/08 00:00:00', '4/27/08 00:00:00');
INSERT INTO visit_occurrence (visit_occurrence_id, person_id, visit_concept_id, visit_start_date, visit_end_date, visit_type_concept_id, provider_id, care_site_id) values (135566, 1544, 9201, '2/13/08', '4/27/08', 44818517, 23492, 11905);
INSERT INTO measurement (measurement_id, person_id, measurement_concept_id, measurement_date, measurement_type_concept_id, value_as_number, unit_concept_id) values (170010, 1544, 3023103, '2/13/08', 45754907, 4.2, 9557);
INSERT INTO drug_era (drug_era_id, person_id, drug_concept_id, drug_era_start_date, drug_era_end_date) values (52825, 1544, 970250, '2/13/08', '4/27/08');
INSERT INTO drug_exposure (drug_exposure_id, person_id, drug_concept_id, drug_exposure_start_date, drug_exposure_end_date, drug_type_concept_id, quantity, days_supply, sig, indication_concept_id, drug_exposure_start_datetime, drug_exposure_end_datetime) values (149518, 1544, 19106647, '2/13/08', '4/27/08', 38000175, 30, 30, '2 times daily', null, '2/13/08 00:00:00', '4/27/08 00:00:00');
INSERT INTO person (person_id, gender_concept_id, year_of_birth, month_of_birth, day_of_birth, race_concept_id, ethnicity_concept_id, location_id) values (1545, 8507, 1950, 1, 1, 8527, 38003564, 321);
INSERT INTO drug_era (drug_era_id, person_id, drug_concept_id, drug_era_start_date, drug_era_end_date) values (52826, 1545, 1398937, '2/13/08', '4/27/08');
INSERT INTO drug_era (drug_era_id, person_id, drug_concept_id, drug_era_start_date, drug_era_end_date) values (52827, 1545, 1322081, '2/13/08', '4/27/08');
INSERT INTO visit_occurrence (visit_occurrence_id, person_id, visit_concept_id, visit_start_date, visit_end_date, visit_type_concept_id, provider_id, care_site_id) values (135567, 1545, 9201, '2/13/08', '4/27/08', 44818517, 23492, 11905);
INSERT INTO drug_exposure (drug_exposure_id, person_id, drug_concept_id, drug_exposure_start_date, drug_exposure_end_date, drug_type_concept_id, quantity, days_supply, sig, indication_concept_id, drug_exposure_start_datetime, drug_exposure_end_datetime) values (149519, 1545, 40168673, '2/13/08', '4/27/08', 38000175, 1, 1, '4 times daily', null, '2/13/08 00:00:00', '4/27/08 00:00:00');
INSERT INTO drug_exposure (drug_exposure_id, person_id, drug_concept_id, drug_exposure_start_date, drug_exposure_end_date, drug_type_concept_id, quantity, days_supply, sig, indication_concept_id, drug_exposure_start_datetime, drug_exposure_end_datetime) values (149520, 1545, 42800549, '2/13/08', '4/27/08', 38000175, 60, 30, 'Daily', null, '2/13/08 00:00:00', '4/27/08 00:00:00');
INSERT INTO drug_exposure (drug_exposure_id, person_id, drug_concept_id, drug_exposure_start_date, drug_exposure_end_date, drug_type_concept_id, quantity, days_supply, sig, indication_concept_id, drug_exposure_start_datetime, drug_exposure_end_datetime) values (149521, 1546, 40168673, '2/13/08', '4/27/08', 38000175, 1, 1, '4 times daily', null, '2/13/08 00:00:00', '4/27/08 00:00:00');
INSERT INTO drug_era (drug_era_id, person_id, drug_concept_id, drug_era_start_date, drug_era_end_date) values (52828, 1546, 1398937, '2/13/08', '4/27/08');
INSERT INTO drug_era (drug_era_id, person_id, drug_concept_id, drug_era_start_date, drug_era_end_date) values (52830, 1546, 755695, '2/13/08', '4/27/08');
INSERT INTO person (person_id, gender_concept_id, year_of_birth, month_of_birth, day_of_birth, race_concept_id, ethnicity_concept_id, location_id) values (1546, 8507, 1958, 1, 1, 8527, 38003564, 321);
INSERT INTO visit_occurrence (visit_occurrence_id, person_id, visit_concept_id, visit_start_date, visit_end_date, visit_type_concept_id, provider_id, care_site_id) values (135568, 1546, 9201, '2/13/08', '4/27/08', 44818517, 23492, 11905);
INSERT INTO drug_exposure (drug_exposure_id, person_id, drug_concept_id, drug_exposure_start_date, drug_exposure_end_date, drug_type_concept_id, quantity, days_supply, sig, indication_concept_id, drug_exposure_start_datetime, drug_exposure_end_datetime) values (149523, 1546, 755700, '2/13/08', '4/27/08', 38000175, 30, 30, '3 times daily', null, '2/13/08 00:00:00', '4/27/08 00:00:00');
INSERT INTO drug_era (drug_era_id, person_id, drug_concept_id, drug_era_start_date, drug_era_end_date) values (52829, 1546, 902427, '2/13/08', '4/27/08');
INSERT INTO drug_exposure (drug_exposure_id, person_id, drug_concept_id, drug_exposure_start_date, drug_exposure_end_date, drug_type_concept_id, quantity, days_supply, sig, indication_concept_id, drug_exposure_start_datetime, drug_exposure_end_datetime) values (149522, 1546, 902429, '2/13/08', '4/27/08', 38000175, 60, 30, 'Daily', null, '2/13/08 00:00:00', '4/27/08 00:00:00');
INSERT INTO drug_era (drug_era_id, person_id, drug_concept_id, drug_era_start_date, drug_era_end_date) values (52832, 1547, 902427, '2/13/08', '4/27/08');
INSERT INTO drug_era (drug_era_id, person_id, drug_concept_id, drug_era_start_date, drug_era_end_date) values (52831, 1547, 1398937, '2/13/08', '4/27/08');
INSERT INTO drug_exposure (drug_exposure_id, person_id, drug_concept_id, drug_exposure_start_date, drug_exposure_end_date, drug_type_concept_id, quantity, days_supply, sig, indication_concept_id, drug_exposure_start_datetime, drug_exposure_end_datetime) values (149524, 1547, 40168673, '2/13/08', '4/27/08', 38000175, 1, 1, '4 times daily', null, '2/13/08 00:00:00', '4/27/08 00:00:00');
INSERT INTO drug_exposure (drug_exposure_id, person_id, drug_concept_id, drug_exposure_start_date, drug_exposure_end_date, drug_type_concept_id, quantity, days_supply, sig, indication_concept_id, drug_exposure_start_datetime, drug_exposure_end_datetime) values (149525, 1547, 902429, '2/13/08', '4/27/08', 38000175, 120, 30, 'Daily', null, '2/13/08 00:00:00', '4/27/08 00:00:00');
INSERT INTO visit_occurrence (visit_occurrence_id, person_id, visit_concept_id, visit_start_date, visit_end_date, visit_type_concept_id, provider_id, care_site_id) values (135569, 1547, 9201, '2/13/08', '4/27/08', 44818517, 23492, 11905);
INSERT INTO person (person_id, gender_concept_id, year_of_birth, month_of_birth, day_of_birth, race_concept_id, ethnicity_concept_id, location_id) values (1547, 8507, 1972, 1, 1, 8527, 38003564, 321);
INSERT INTO person (person_id, gender_concept_id, year_of_birth, month_of_birth, day_of_birth, race_concept_id, ethnicity_concept_id, location_id) values (1548, 8507, 1945, 1, 1, 8527, 38003564, 321);
INSERT INTO drug_era (drug_era_id, person_id, drug_concept_id, drug_era_start_date, drug_era_end_date) values (52833, 1548, 1398937, '2/13/08', '4/27/08');
INSERT INTO drug_exposure (drug_exposure_id, person_id, drug_concept_id, drug_exposure_start_date, drug_exposure_end_date, drug_type_concept_id, quantity, days_supply, sig, indication_concept_id, drug_exposure_start_datetime, drug_exposure_end_datetime) values (149526, 1548, 40168673, '2/13/08', '4/27/08', 38000175, 1, 1, '4 times daily', null, '2/13/08 00:00:00', '4/27/08 00:00:00');
INSERT INTO visit_occurrence (visit_occurrence_id, person_id, visit_concept_id, visit_start_date, visit_end_date, visit_type_concept_id, provider_id, care_site_id) values (135570, 1548, 9201, '2/13/08', '4/27/08', 44818517, 23492, 11905);
INSERT INTO drug_exposure (drug_exposure_id, person_id, drug_concept_id, drug_exposure_start_date, drug_exposure_end_date, drug_type_concept_id, quantity, days_supply, sig, indication_concept_id, drug_exposure_start_datetime, drug_exposure_end_datetime) values (149527, 1548, 902429, '2/13/08', '4/27/08', 38000175, 120, 30, 'Daily', null, '2/13/08 00:00:00', '4/27/08 00:00:00');
INSERT INTO drug_era (drug_era_id, person_id, drug_concept_id, drug_era_start_date, drug_era_end_date) values (52834, 1548, 902427, '2/13/08', '4/27/08');
INSERT INTO condition_era (condition_era_id, person_id, condition_concept_id, condition_era_start_date, condition_era_end_date) values (121392, 1548, 4309669, '2/13/08', '4/27/08');
INSERT INTO visit_occurrence (visit_occurrence_id, person_id, visit_concept_id, visit_start_date, visit_end_date, visit_type_concept_id, provider_id, care_site_id) values (135571, 1549, 9201, '2/13/08', '4/27/08', 44818517, 23492, 11905);
INSERT INTO drug_exposure (drug_exposure_id, person_id, drug_concept_id, drug_exposure_start_date, drug_exposure_end_date, drug_type_concept_id, quantity, days_supply, sig, indication_concept_id, drug_exposure_start_datetime, drug_exposure_end_datetime) values (149530, 1549, 46221724, '2/13/08', '4/27/08', 38000175, 60, 30, '2 times daily', null, '2/13/08 00:00:00', '4/27/08 00:00:00');
INSERT INTO drug_era (drug_era_id, person_id, drug_concept_id, drug_era_start_date, drug_era_end_date) values (52835, 1549, 1398937, '2/13/08', '4/27/08');
INSERT INTO drug_era (drug_era_id, person_id, drug_concept_id, drug_era_start_date, drug_era_end_date) values (52836, 1549, 1307046, '2/13/08', '4/27/08');
INSERT INTO drug_exposure (drug_exposure_id, person_id, drug_concept_id, drug_exposure_start_date, drug_exposure_end_date, drug_type_concept_id, quantity, days_supply, sig, indication_concept_id, drug_exposure_start_datetime, drug_exposure_end_datetime) values (149529, 1549, 40168673, '2/13/08', '4/27/08', 38000175, 1, 1, '4 times daily', null, '2/13/08 00:00:00', '4/27/08 00:00:00');
INSERT INTO person (person_id, gender_concept_id, year_of_birth, month_of_birth, day_of_birth, race_concept_id, ethnicity_concept_id, location_id) values (1549, 8507, 1951, 1, 1, 8527, 38003564, 321);
INSERT INTO drug_era (drug_era_id, person_id, drug_concept_id, drug_era_start_date, drug_era_end_date) values (52839, 1550, 755695, '2/13/08', '4/27/08');
INSERT INTO person (person_id, gender_concept_id, year_of_birth, month_of_birth, day_of_birth, race_concept_id, ethnicity_concept_id, location_id) values (1550, 8507, 1970, 1, 1, 8527, 38003564, 321);
INSERT INTO visit_occurrence (visit_occurrence_id, person_id, visit_concept_id, visit_start_date, visit_end_date, visit_type_concept_id, provider_id, care_site_id) values (135572, 1550, 9201, '2/13/08', '4/27/08', 44818517, 23492, 11905);
INSERT INTO drug_exposure (drug_exposure_id, person_id, drug_concept_id, drug_exposure_start_date, drug_exposure_end_date, drug_type_concept_id, quantity, days_supply, sig, indication_concept_id, drug_exposure_start_datetime, drug_exposure_end_datetime) values (149532, 1550, 46221724, '2/13/08', '4/27/08', 38000175, 30, 30, '4 times daily', null, '2/13/08 00:00:00', '4/27/08 00:00:00');
INSERT INTO drug_era (drug_era_id, person_id, drug_concept_id, drug_era_start_date, drug_era_end_date) values (52837, 1550, 1398937, '2/13/08', '4/27/08');
INSERT INTO drug_era (drug_era_id, person_id, drug_concept_id, drug_era_start_date, drug_era_end_date) values (52838, 1550, 1307046, '2/13/08', '4/27/08');
INSERT INTO drug_exposure (drug_exposure_id, person_id, drug_concept_id, drug_exposure_start_date, drug_exposure_end_date, drug_type_concept_id, quantity, days_supply, sig, indication_concept_id, drug_exposure_start_datetime, drug_exposure_end_datetime) values (149533, 1550, 755700, '2/13/08', '4/27/08', 38000175, 30, 30, '4 times daily', null, '2/13/08 00:00:00', '4/27/08 00:00:00');
INSERT INTO drug_exposure (drug_exposure_id, person_id, drug_concept_id, drug_exposure_start_date, drug_exposure_end_date, drug_type_concept_id, quantity, days_supply, sig, indication_concept_id, drug_exposure_start_datetime, drug_exposure_end_datetime) values (149531, 1550, 40168673, '2/13/08', '4/27/08', 38000175, 1, 1, '4 times daily', null, '2/13/08 00:00:00', '4/27/08 00:00:00');
INSERT INTO visit_occurrence (visit_occurrence_id, person_id, visit_concept_id, visit_start_date, visit_end_date, visit_type_concept_id, provider_id, care_site_id) values (135573, 1551, 9201, '2/13/08', '4/27/08', 44818517, 23492, 11905);
INSERT INTO drug_exposure (drug_exposure_id, person_id, drug_concept_id, drug_exposure_start_date, drug_exposure_end_date, drug_type_concept_id, quantity, days_supply, sig, indication_concept_id, drug_exposure_start_datetime, drug_exposure_end_datetime) values (149534, 1551, 40168673, '2/13/08', '4/27/08', 38000175, 1, 1, '4 times daily', null, '2/13/08 00:00:00', '4/27/08 00:00:00');
INSERT INTO drug_era (drug_era_id, person_id, drug_concept_id, drug_era_start_date, drug_era_end_date) values (52841, 1551, 1307046, '2/13/08', '4/27/08');
INSERT INTO person (person_id, gender_concept_id, year_of_birth, month_of_birth, day_of_birth, race_concept_id, ethnicity_concept_id, location_id) values (1551, 8507, 1945, 1, 1, 8527, 38003564, 321);
INSERT INTO drug_era (drug_era_id, person_id, drug_concept_id, drug_era_start_date, drug_era_end_date) values (52840, 1551, 1398937, '2/13/08', '4/27/08');
INSERT INTO condition_era (condition_era_id, person_id, condition_concept_id, condition_era_start_date, condition_era_end_date) values (121393, 1551, 4309669, '2/13/08', '4/27/08');
INSERT INTO drug_exposure (drug_exposure_id, person_id, drug_concept_id, drug_exposure_start_date, drug_exposure_end_date, drug_type_concept_id, quantity, days_supply, sig, indication_concept_id, drug_exposure_start_datetime, drug_exposure_end_datetime) values (149535, 1551, 46221724, '2/13/08', '4/27/08', 38000175, 60, 30, 'Daily', null, '2/13/08 00:00:00', '4/27/08 00:00:00');
INSERT INTO drug_era (drug_era_id, person_id, drug_concept_id, drug_era_start_date, drug_era_end_date) values (52843, 1552, 1314577, '2/13/08', '4/27/08');
INSERT INTO visit_occurrence (visit_occurrence_id, person_id, visit_concept_id, visit_start_date, visit_end_date, visit_type_concept_id, provider_id, care_site_id) values (135574, 1552, 9201, '2/13/08', '4/27/08', 44818517, 23492, 11905);
INSERT INTO person (person_id, gender_concept_id, year_of_birth, month_of_birth, day_of_birth, race_concept_id, ethnicity_concept_id, location_id) values (1552, 8507, 1954, 1, 1, 8527, 38003564, 321);
INSERT INTO drug_exposure (drug_exposure_id, person_id, drug_concept_id, drug_exposure_start_date, drug_exposure_end_date, drug_type_concept_id, quantity, days_supply, sig, indication_concept_id, drug_exposure_start_datetime, drug_exposure_end_datetime) values (149537, 1552, 40168673, '2/13/08', '4/27/08', 38000175, 1, 1, '4 times daily', null, '2/13/08 00:00:00', '4/27/08 00:00:00');
INSERT INTO drug_exposure (drug_exposure_id, person_id, drug_concept_id, drug_exposure_start_date, drug_exposure_end_date, drug_type_concept_id, quantity, days_supply, sig, indication_concept_id, drug_exposure_start_datetime, drug_exposure_end_datetime) values (149538, 1552, 1314581, '2/13/08', '4/27/08', 38000175, 60, 30, '2 times daily', null, '2/13/08 00:00:00', '4/27/08 00:00:00');
INSERT INTO drug_era (drug_era_id, person_id, drug_concept_id, drug_era_start_date, drug_era_end_date) values (52842, 1552, 1398937, '2/13/08', '4/27/08');
INSERT INTO drug_exposure (drug_exposure_id, person_id, drug_concept_id, drug_exposure_start_date, drug_exposure_end_date, drug_type_concept_id, quantity, days_supply, sig, indication_concept_id, drug_exposure_start_datetime, drug_exposure_end_datetime) values (149539, 1553, 40168673, '2/13/08', '4/27/08', 38000175, 1, 1, '4 times daily', null, '2/13/08 00:00:00', '4/27/08 00:00:00');
INSERT INTO drug_era (drug_era_id, person_id, drug_concept_id, drug_era_start_date, drug_era_end_date) values (52846, 1553, 755695, '2/13/08', '4/27/08');
INSERT INTO visit_occurrence (visit_occurrence_id, person_id, visit_concept_id, visit_start_date, visit_end_date, visit_type_concept_id, provider_id, care_site_id) values (135575, 1553, 9201, '2/13/08', '4/27/08', 44818517, 23492, 11905);
INSERT INTO drug_exposure (drug_exposure_id, person_id, drug_concept_id, drug_exposure_start_date, drug_exposure_end_date, drug_type_concept_id, quantity, days_supply, sig, indication_concept_id, drug_exposure_start_datetime, drug_exposure_end_datetime) values (149540, 1553, 19101573, '2/13/08', '4/27/08', 38000175, 30, 30, '3 times daily', null, '2/13/08 00:00:00', '4/27/08 00:00:00');
INSERT INTO drug_era (drug_era_id, person_id, drug_concept_id, drug_era_start_date, drug_era_end_date) values (52844, 1553, 1398937, '2/13/08', '4/27/08');
INSERT INTO drug_era (drug_era_id, person_id, drug_concept_id, drug_era_start_date, drug_era_end_date) values (52845, 1553, 1314577, '2/13/08', '4/27/08');
INSERT INTO drug_exposure (drug_exposure_id, person_id, drug_concept_id, drug_exposure_start_date, drug_exposure_end_date, drug_type_concept_id, quantity, days_supply, sig, indication_concept_id, drug_exposure_start_datetime, drug_exposure_end_datetime) values (149541, 1553, 755700, '2/13/08', '4/27/08', 38000175, 30, 30, '3 times daily', null, '2/13/08 00:00:00', '4/27/08 00:00:00');
INSERT INTO person (person_id, gender_concept_id, year_of_birth, month_of_birth, day_of_birth, race_concept_id, ethnicity_concept_id, location_id) values (1553, 8507, 1969, 1, 1, 8527, 38003564, 321);
INSERT INTO person (person_id, gender_concept_id, year_of_birth, month_of_birth, day_of_birth, race_concept_id, ethnicity_concept_id, location_id) values (1554, 8507, 1945, 1, 1, 8527, 38003564, 321);
INSERT INTO visit_occurrence (visit_occurrence_id, person_id, visit_concept_id, visit_start_date, visit_end_date, visit_type_concept_id, provider_id, care_site_id) values (135576, 1554, 9201, '2/13/08', '4/27/08', 44818517, 23492, 11905);
INSERT INTO drug_exposure (drug_exposure_id, person_id, drug_concept_id, drug_exposure_start_date, drug_exposure_end_date, drug_type_concept_id, quantity, days_supply, sig, indication_concept_id, drug_exposure_start_datetime, drug_exposure_end_datetime) values (149542, 1554, 40168673, '2/13/08', '4/27/08', 38000175, 1, 1, '4 times daily', null, '2/13/08 00:00:00', '4/27/08 00:00:00');
INSERT INTO drug_era (drug_era_id, person_id, drug_concept_id, drug_era_start_date, drug_era_end_date) values (52847, 1554, 1398937, '2/13/08', '4/27/08');
INSERT INTO condition_era (condition_era_id, person_id, condition_concept_id, condition_era_start_date, condition_era_end_date) values (121394, 1554, 4309669, '2/13/08', '4/27/08');
INSERT INTO drug_era (drug_era_id, person_id, drug_concept_id, drug_era_start_date, drug_era_end_date) values (52848, 1554, 1314577, '2/13/08', '4/27/08');
INSERT INTO drug_exposure (drug_exposure_id, person_id, drug_concept_id, drug_exposure_start_date, drug_exposure_end_date, drug_type_concept_id, quantity, days_supply, sig, indication_concept_id, drug_exposure_start_datetime, drug_exposure_end_datetime) values (149543, 1554, 1314581, '2/13/08', '4/27/08', 38000175, 60, 30, '2 times daily', null, '2/13/08 00:00:00', '4/27/08 00:00:00');
INSERT INTO drug_exposure (drug_exposure_id, person_id, drug_concept_id, drug_exposure_start_date, drug_exposure_end_date, drug_type_concept_id, quantity, days_supply, sig, indication_concept_id, drug_exposure_start_datetime, drug_exposure_end_datetime) values (149545, 1555, 19018811, '2/13/08', '4/27/08', 38000175, 150, 30, 'Daily', null, '2/13/08 00:00:00', '4/27/08 00:00:00');
INSERT INTO drug_era (drug_era_id, person_id, drug_concept_id, drug_era_start_date, drug_era_end_date) values (52849, 1555, 1398937, '2/13/08', '4/27/08');
INSERT INTO person (person_id, gender_concept_id, year_of_birth, month_of_birth, day_of_birth, race_concept_id, ethnicity_concept_id, location_id) values (1555, 8507, 1960, 1, 1, 8527, 38003564, 321);
INSERT INTO drug_exposure (drug_exposure_id, person_id, drug_concept_id, drug_exposure_start_date, drug_exposure_end_date, drug_type_concept_id, quantity, days_supply, sig, indication_concept_id, drug_exposure_start_datetime, drug_exposure_end_datetime) values (149544, 1555, 40168673, '2/13/08', '4/27/08', 38000175, 1, 1, '4 times daily', null, '2/13/08 00:00:00', '4/27/08 00:00:00');
INSERT INTO drug_era (drug_era_id, person_id, drug_concept_id, drug_era_start_date, drug_era_end_date) values (52850, 1555, 1314002, '2/13/08', '4/27/08');
INSERT INTO visit_occurrence (visit_occurrence_id, person_id, visit_concept_id, visit_start_date, visit_end_date, visit_type_concept_id, provider_id, care_site_id) values (135577, 1555, 9201, '2/13/08', '4/27/08', 44818517, 23492, 11905);
INSERT INTO measurement (measurement_id, person_id, measurement_concept_id, measurement_date, measurement_type_concept_id, value_as_number, unit_concept_id) values (170011, 1555, 3016723, '2/13/08', 45754907, 45, 8795);
INSERT INTO drug_era (drug_era_id, person_id, drug_concept_id, drug_era_start_date, drug_era_end_date) values (52852, 1556, 1314002, '2/13/08', '4/27/08');
INSERT INTO visit_occurrence (visit_occurrence_id, person_id, visit_concept_id, visit_start_date, visit_end_date, visit_type_concept_id, provider_id, care_site_id) values (135578, 1556, 9201, '2/13/08', '4/27/08', 44818517, 23492, 11905);
INSERT INTO person (person_id, gender_concept_id, year_of_birth, month_of_birth, day_of_birth, race_concept_id, ethnicity_concept_id, location_id) values (1556, 8507, 1930, 1, 1, 8527, 38003564, 321);
INSERT INTO measurement (measurement_id, person_id, measurement_concept_id, measurement_date, measurement_type_concept_id, value_as_number, unit_concept_id) values (170012, 1556, 3016723, '2/13/08', 45754907, 35, 8795);
INSERT INTO drug_exposure (drug_exposure_id, person_id, drug_concept_id, drug_exposure_start_date, drug_exposure_end_date, drug_type_concept_id, quantity, days_supply, sig, indication_concept_id, drug_exposure_start_datetime, drug_exposure_end_datetime) values (149546, 1556, 40168673, '2/13/08', '4/27/08', 38000175, 1, 1, '4 times daily', null, '2/13/08 00:00:00', '4/27/08 00:00:00');
INSERT INTO drug_era (drug_era_id, person_id, drug_concept_id, drug_era_start_date, drug_era_end_date) values (52851, 1556, 1398937, '2/13/08', '4/27/08');
INSERT INTO drug_exposure (drug_exposure_id, person_id, drug_concept_id, drug_exposure_start_date, drug_exposure_end_date, drug_type_concept_id, quantity, days_supply, sig, indication_concept_id, drug_exposure_start_datetime, drug_exposure_end_datetime) values (149547, 1556, 19018811, '2/13/08', '4/27/08', 38000175, 120, 30, 'Daily', null, '2/13/08 00:00:00', '4/27/08 00:00:00');
INSERT INTO drug_exposure (drug_exposure_id, person_id, drug_concept_id, drug_exposure_start_date, drug_exposure_end_date, drug_type_concept_id, quantity, days_supply, sig, indication_concept_id, drug_exposure_start_datetime, drug_exposure_end_datetime) values (149548, 1557, 40168673, '2/13/08', '4/27/08', 38000175, 1, 1, '4 times daily', null, '2/13/08 00:00:00', '4/27/08 00:00:00');
INSERT INTO person (person_id, gender_concept_id, year_of_birth, month_of_birth, day_of_birth, race_concept_id, ethnicity_concept_id, location_id) values (1557, 8507, 1930, 1, 1, 8527, 38003564, 321);
INSERT INTO drug_era (drug_era_id, person_id, drug_concept_id, drug_era_start_date, drug_era_end_date) values (52853, 1557, 1398937, '2/13/08', '4/27/08');
INSERT INTO visit_occurrence (visit_occurrence_id, person_id, visit_concept_id, visit_start_date, visit_end_date, visit_type_concept_id, provider_id, care_site_id) values (135579, 1557, 9201, '2/13/08', '4/27/08', 44818517, 23492, 11905);
INSERT INTO drug_era (drug_era_id, person_id, drug_concept_id, drug_era_start_date, drug_era_end_date) values (52854, 1557, 1338005, '2/13/08', '4/27/08');
INSERT INTO measurement (measurement_id, person_id, measurement_concept_id, measurement_date, measurement_type_concept_id, value_as_number, unit_concept_id) values (170013, 1557, 3016723, '2/13/08', 45754907, 35, 8795);
INSERT INTO drug_exposure (drug_exposure_id, person_id, drug_concept_id, drug_exposure_start_date, drug_exposure_end_date, drug_type_concept_id, quantity, days_supply, sig, indication_concept_id, drug_exposure_start_datetime, drug_exposure_end_datetime) values (149549, 1557, 40162867, '2/13/08', '4/27/08', 38000175, 90, 30, 'Daily', null, '2/13/08 00:00:00', '4/27/08 00:00:00');
INSERT INTO drug_era (drug_era_id, person_id, drug_concept_id, drug_era_start_date, drug_era_end_date) values (52856, 1558, 1338005, '2/13/08', '4/27/08');
INSERT INTO visit_occurrence (visit_occurrence_id, person_id, visit_concept_id, visit_start_date, visit_end_date, visit_type_concept_id, provider_id, care_site_id) values (135580, 1558, 9201, '2/13/08', '4/27/08', 44818517, 23492, 11905);
INSERT INTO drug_era (drug_era_id, person_id, drug_concept_id, drug_era_start_date, drug_era_end_date) values (52855, 1558, 1398937, '2/13/08', '4/27/08');
INSERT INTO person (person_id, gender_concept_id, year_of_birth, month_of_birth, day_of_birth, race_concept_id, ethnicity_concept_id, location_id) values (1558, 8507, 1930, 1, 1, 8527, 38003564, 321);
INSERT INTO drug_exposure (drug_exposure_id, person_id, drug_concept_id, drug_exposure_start_date, drug_exposure_end_date, drug_type_concept_id, quantity, days_supply, sig, indication_concept_id, drug_exposure_start_datetime, drug_exposure_end_datetime) values (149550, 1558, 40168673, '2/13/08', '4/27/08', 38000175, 1, 1, '4 times daily', null, '2/13/08 00:00:00', '4/27/08 00:00:00');
INSERT INTO measurement (measurement_id, person_id, measurement_concept_id, measurement_date, measurement_type_concept_id, value_as_number, unit_concept_id) values (170014, 1558, 3016723, '2/13/08', 45754907, 45, 8795);
INSERT INTO drug_exposure (drug_exposure_id, person_id, drug_concept_id, drug_exposure_start_date, drug_exposure_end_date, drug_type_concept_id, quantity, days_supply, sig, indication_concept_id, drug_exposure_start_datetime, drug_exposure_end_datetime) values (149551, 1558, 40162867, '2/13/08', '4/27/08', 38000175, 90, 30, 'Daily', null, '2/13/08 00:00:00', '4/27/08 00:00:00');
INSERT INTO drug_exposure (drug_exposure_id, person_id, drug_concept_id, drug_exposure_start_date, drug_exposure_end_date, drug_type_concept_id, quantity, days_supply, sig, indication_concept_id, drug_exposure_start_datetime, drug_exposure_end_datetime) values (149552, 1559, 40168673, '2/13/08', '4/27/08', 38000175, 1, 1, '4 times daily', null, '2/13/08 00:00:00', '4/27/08 00:00:00');
INSERT INTO drug_era (drug_era_id, person_id, drug_concept_id, drug_era_start_date, drug_era_end_date) values (52858, 1559, 19063575, '2/13/08', '4/27/08');
INSERT INTO drug_exposure (drug_exposure_id, person_id, drug_concept_id, drug_exposure_start_date, drug_exposure_end_date, drug_type_concept_id, quantity, days_supply, sig, indication_concept_id, drug_exposure_start_datetime, drug_exposure_end_datetime) values (149553, 1559, 40182878, '2/13/08', '4/27/08', 38000175, 60, 30, '2 times daily', null, '2/13/08 00:00:00', '4/27/08 00:00:00');
INSERT INTO drug_era (drug_era_id, person_id, drug_concept_id, drug_era_start_date, drug_era_end_date) values (52857, 1559, 1398937, '2/13/08', '4/27/08');
INSERT INTO visit_occurrence (visit_occurrence_id, person_id, visit_concept_id, visit_start_date, visit_end_date, visit_type_concept_id, provider_id, care_site_id) values (135581, 1559, 9201, '2/13/08', '4/27/08', 44818517, 23492, 11905);
INSERT INTO person (person_id, gender_concept_id, year_of_birth, month_of_birth, day_of_birth, race_concept_id, ethnicity_concept_id, location_id) values (1559, 8507, 1985, 1, 1, 8527, 38003564, 321);
INSERT INTO drug_era (drug_era_id, person_id, drug_concept_id, drug_era_start_date, drug_era_end_date) values (52860, 1560, 1354860, '2/13/08', '4/27/08');
INSERT INTO drug_exposure (drug_exposure_id, person_id, drug_concept_id, drug_exposure_start_date, drug_exposure_end_date, drug_type_concept_id, quantity, days_supply, sig, indication_concept_id, drug_exposure_start_datetime, drug_exposure_end_datetime) values (149555, 1560, 40169046, '2/13/08', '4/27/08', 38000175, 30, 30, '2 times daily', null, '2/13/08 00:00:00', '4/27/08 00:00:00');
INSERT INTO person (person_id, gender_concept_id, year_of_birth, month_of_birth, day_of_birth, race_concept_id, ethnicity_concept_id, location_id) values (1560, 8507, 1985, 1, 1, 8527, 38003564, 321);
INSERT INTO drug_era (drug_era_id, person_id, drug_concept_id, drug_era_start_date, drug_era_end_date) values (52859, 1560, 1309944, '2/13/08', '4/27/08');
INSERT INTO drug_exposure (drug_exposure_id, person_id, drug_concept_id, drug_exposure_start_date, drug_exposure_end_date, drug_type_concept_id, quantity, days_supply, sig, indication_concept_id, drug_exposure_start_datetime, drug_exposure_end_datetime) values (149554, 1560, 1310037, '2/13/08', '4/27/08', 38000175, 30, 30, '2 times daily', null, '2/13/08 00:00:00', '4/27/08 00:00:00');
INSERT INTO visit_occurrence (visit_occurrence_id, person_id, visit_concept_id, visit_start_date, visit_end_date, visit_type_concept_id, provider_id, care_site_id) values (135583, 1560, 9201, '2/13/08', '4/27/08', 44818517, 23492, 11905);
INSERT INTO person (person_id, gender_concept_id, year_of_birth, month_of_birth, day_of_birth, race_concept_id, ethnicity_concept_id, location_id) values (1561, 8507, 1985, 1, 1, 8527, 38003564, 321);
INSERT INTO visit_occurrence (visit_occurrence_id, person_id, visit_concept_id, visit_start_date, visit_end_date, visit_type_concept_id, provider_id, care_site_id) values (135584, 1561, 9201, '2/13/08', '4/27/08', 44818517, 23492, 11905);
INSERT INTO drug_exposure (drug_exposure_id, person_id, drug_concept_id, drug_exposure_start_date, drug_exposure_end_date, drug_type_concept_id, quantity, days_supply, sig, indication_concept_id, drug_exposure_start_datetime, drug_exposure_end_datetime) values (149557, 1561, 19019419, '2/13/08', '4/27/08', 38000175, 90, 30, '2 times daily', null, '2/13/08 00:00:00', '4/27/08 00:00:00');
INSERT INTO drug_era (drug_era_id, person_id, drug_concept_id, drug_era_start_date, drug_era_end_date) values (52862, 1561, 1000560, '2/13/08', '4/27/08');
INSERT INTO drug_exposure (drug_exposure_id, person_id, drug_concept_id, drug_exposure_start_date, drug_exposure_end_date, drug_type_concept_id, quantity, days_supply, sig, indication_concept_id, drug_exposure_start_datetime, drug_exposure_end_datetime) values (149556, 1561, 1310037, '2/13/08', '4/27/08', 38000175, 30, 30, '2 times daily', null, '2/13/08 00:00:00', '4/27/08 00:00:00');
INSERT INTO drug_era (drug_era_id, person_id, drug_concept_id, drug_era_start_date, drug_era_end_date) values (52861, 1561, 1309944, '2/13/08', '4/27/08');
INSERT INTO drug_era (drug_era_id, person_id, drug_concept_id, drug_era_start_date, drug_era_end_date) values (52864, 1562, 1000560, '2/13/08', '4/27/08');
INSERT INTO person (person_id, gender_concept_id, year_of_birth, month_of_birth, day_of_birth, race_concept_id, ethnicity_concept_id, location_id) values (1562, 8507, 1985, 1, 1, 8527, 38003564, 321);
INSERT INTO drug_exposure (drug_exposure_id, person_id, drug_concept_id, drug_exposure_start_date, drug_exposure_end_date, drug_type_concept_id, quantity, days_supply, sig, indication_concept_id, drug_exposure_start_datetime, drug_exposure_end_datetime) values (149559, 1562, 19079171, '2/13/08', '4/27/08', 38000175, 90, 30, 'Daily', null, '2/13/08 00:00:00', '4/27/08 00:00:00');
INSERT INTO drug_era (drug_era_id, person_id, drug_concept_id, drug_era_start_date, drug_era_end_date) values (52863, 1562, 1309944, '2/13/08', '4/27/08');
INSERT INTO visit_occurrence (visit_occurrence_id, person_id, visit_concept_id, visit_start_date, visit_end_date, visit_type_concept_id, provider_id, care_site_id) values (135585, 1562, 9201, '2/13/08', '4/27/08', 44818517, 23492, 11905);
INSERT INTO drug_exposure (drug_exposure_id, person_id, drug_concept_id, drug_exposure_start_date, drug_exposure_end_date, drug_type_concept_id, quantity, days_supply, sig, indication_concept_id, drug_exposure_start_datetime, drug_exposure_end_datetime) values (149558, 1562, 1310037, '2/13/08', '4/27/08', 38000175, 30, 30, '2 times daily', null, '2/13/08 00:00:00', '4/27/08 00:00:00');
INSERT INTO drug_exposure (drug_exposure_id, person_id, drug_concept_id, drug_exposure_start_date, drug_exposure_end_date, drug_type_concept_id, quantity, days_supply, sig, indication_concept_id, drug_exposure_start_datetime, drug_exposure_end_datetime) values (149562, 1563, 904583, '2/13/08', '4/27/08', 38000175, 30, 30, '4 times daily', null, '2/13/08 00:00:00', '4/27/08 00:00:00');
INSERT INTO visit_occurrence (visit_occurrence_id, person_id, visit_concept_id, visit_start_date, visit_end_date, visit_type_concept_id, provider_id, care_site_id) values (135586, 1563, 9201, '2/13/08', '4/27/08', 44818517, 23492, 11905);
INSERT INTO measurement (measurement_id, person_id, measurement_concept_id, measurement_date, measurement_type_concept_id, value_as_number, unit_concept_id) values (170015, 1563, 3023103, '2/13/08', 45754907, 4.2, 9557);
INSERT INTO drug_exposure (drug_exposure_id, person_id, drug_concept_id, drug_exposure_start_date, drug_exposure_end_date, drug_type_concept_id, quantity, days_supply, sig, indication_concept_id, drug_exposure_start_datetime, drug_exposure_end_datetime) values (149560, 1563, 19049371, '2/13/08', '4/27/08', 38000175, 30, 30, '4 times daily', null, '2/13/08 00:00:00', '4/27/08 00:00:00');
INSERT INTO person (person_id, gender_concept_id, year_of_birth, month_of_birth, day_of_birth, race_concept_id, ethnicity_concept_id, location_id) values (1563, 8507, 1950, 1, 1, 8527, 38003564, 321);
INSERT INTO drug_era (drug_era_id, person_id, drug_concept_id, drug_era_start_date, drug_era_end_date) values (52865, 1563, 19049105, '2/13/08', '4/27/08');
INSERT INTO drug_era (drug_era_id, person_id, drug_concept_id, drug_era_start_date, drug_era_end_date) values (52866, 1563, 970250, '2/13/08', '4/27/08');
INSERT INTO drug_exposure (drug_exposure_id, person_id, drug_concept_id, drug_exposure_start_date, drug_exposure_end_date, drug_type_concept_id, quantity, days_supply, sig, indication_concept_id, drug_exposure_start_datetime, drug_exposure_end_datetime) values (149561, 1563, 19106647, '2/13/08', '4/27/08', 38000175, 30, 30, '4 times daily', null, '2/13/08 00:00:00', '4/27/08 00:00:00');
INSERT INTO drug_era (drug_era_id, person_id, drug_concept_id, drug_era_start_date, drug_era_end_date) values (52867, 1563, 904542, '2/13/08', '4/27/08');
INSERT INTO drug_exposure (drug_exposure_id, person_id, drug_concept_id, drug_exposure_start_date, drug_exposure_end_date, drug_type_concept_id, quantity, days_supply, sig, indication_concept_id, drug_exposure_start_datetime, drug_exposure_end_datetime) values (149563, 1564, 19082899, '2/13/08', '4/27/08', 38000175, 30, 30, '2 times daily', null, '2/13/08 00:00:00', '4/27/08 00:00:00');
INSERT INTO visit_occurrence (visit_occurrence_id, person_id, visit_concept_id, visit_start_date, visit_end_date, visit_type_concept_id, provider_id, care_site_id) values (135587, 1564, 9201, '2/13/08', '4/27/08', 44818517, 23492, 11905);
INSERT INTO person (person_id, gender_concept_id, year_of_birth, month_of_birth, day_of_birth, race_concept_id, ethnicity_concept_id, location_id) values (1564, 8507, 1955, 1, 1, 8527, 38003564, 321);
INSERT INTO drug_era (drug_era_id, person_id, drug_concept_id, drug_era_start_date, drug_era_end_date) values (52868, 1564, 19010482, '2/13/08', '4/27/08');
INSERT INTO drug_era (drug_era_id, person_id, drug_concept_id, drug_era_start_date, drug_era_end_date) values (52869, 1564, 1754994, '2/13/08', '4/27/08');
INSERT INTO drug_exposure (drug_exposure_id, person_id, drug_concept_id, drug_exposure_start_date, drug_exposure_end_date, drug_type_concept_id, quantity, days_supply, sig, indication_concept_id, drug_exposure_start_datetime, drug_exposure_end_datetime) values (149564, 1564, 19019004, '2/13/08', '4/27/08', 38000175, 30, 30, '2 times daily', null, '2/13/08 00:00:00', '4/27/08 00:00:00');
INSERT INTO drug_exposure (drug_exposure_id, person_id, drug_concept_id, drug_exposure_start_date, drug_exposure_end_date, drug_type_concept_id, quantity, days_supply, sig, indication_concept_id, drug_exposure_start_datetime, drug_exposure_end_datetime) values (149565, 1565, 40163546, '2/13/08', '4/27/08', 38000175, 30, 30, '2 times daily', null, '2/13/08 00:00:00', '4/27/08 00:00:00');
INSERT INTO visit_occurrence (visit_occurrence_id, person_id, visit_concept_id, visit_start_date, visit_end_date, visit_type_concept_id, provider_id, care_site_id) values (135588, 1565, 9201, '2/13/08', '4/27/08', 44818517, 23492, 11905);
INSERT INTO drug_exposure (drug_exposure_id, person_id, drug_concept_id, drug_exposure_start_date, drug_exposure_end_date, drug_type_concept_id, quantity, days_supply, sig, indication_concept_id, drug_exposure_start_datetime, drug_exposure_end_datetime) values (149566, 1565, 42707588, '2/13/08', '4/27/08', 38000175, 30, 30, '3 times daily', null, '2/13/08 00:00:00', '4/27/08 00:00:00');
INSERT INTO person (person_id, gender_concept_id, year_of_birth, month_of_birth, day_of_birth, race_concept_id, ethnicity_concept_id, location_id) values (1565, 8507, 1952, 1, 1, 8527, 38003564, 321);
INSERT INTO drug_era (drug_era_id, person_id, drug_concept_id, drug_era_start_date, drug_era_end_date) values (52871, 1565, 1124300, '2/13/08', '4/27/08');
INSERT INTO drug_era (drug_era_id, person_id, drug_concept_id, drug_era_start_date, drug_era_end_date) values (52870, 1565, 1310149, '2/13/08', '4/27/08');
