INSERT INTO person (person_id, gender_concept_id, year_of_birth, month_of_birth, day_of_birth, race_concept_id, ethnicity_concept_id, location_id) values (1495, 8507, 1935, 1, 1, 8527, 38003564, 321);
INSERT INTO visit_occurrence (visit_occurrence_id, person_id, visit_concept_id, visit_start_date, visit_end_date, visit_type_concept_id, provider_id, care_site_id) values (135517, 1495, 9201, '2008/02/13', '2008/04/27', 44818517, 23492, 11905);
INSERT INTO drug_era (drug_era_id, person_id, drug_concept_id, drug_era_start_date, drug_era_end_date) values (52715, 1495, 1310149, '2008/02/13', '2008/04/27');
INSERT INTO drug_era (drug_era_id, person_id, drug_concept_id, drug_era_start_date, drug_era_end_date) values (52716, 1495, 1115008, '2008/02/13', '2008/04/27');
INSERT INTO drug_era (drug_era_id, person_id, drug_concept_id, drug_era_start_date, drug_era_end_date) values (52717, 1495, 923645, '2008/02/13', '2008/04/27');
INSERT INTO drug_exposure (drug_exposure_id, person_id, drug_concept_id, drug_exposure_start_date, drug_type_concept_id, quantity, days_supply) values (149408, 1495, 40163518, '2008/02/13', 38000175, 30, 30);
INSERT INTO drug_exposure (drug_exposure_id, person_id, drug_concept_id, drug_exposure_start_date, drug_type_concept_id, quantity, days_supply) values (149409, 1495, 1115129, '2008/02/13', 38000175, 30, 30);
INSERT INTO drug_exposure (drug_exposure_id, person_id, drug_concept_id, drug_exposure_start_date, drug_type_concept_id, quantity, days_supply) values (149410, 1495, 19023551, '2008/02/13', 38000175, 30, 30);
INSERT INTO person (person_id, gender_concept_id, year_of_birth, month_of_birth, day_of_birth, race_concept_id, ethnicity_concept_id, location_id) values (1496, 8507, 1952, 1, 1, 8527, 38003564, 321);
INSERT INTO visit_occurrence (visit_occurrence_id, person_id, visit_concept_id, visit_start_date, visit_end_date, visit_type_concept_id, provider_id, care_site_id) values (135518, 1496, 9201, '2008/02/13', '2008/04/27', 44818517, 23492, 11905);
INSERT INTO drug_era (drug_era_id, person_id, drug_concept_id, drug_era_start_date, drug_era_end_date) values (52718, 1496, 1310149, '2008/02/13', '2008/04/27');
INSERT INTO drug_era (drug_era_id, person_id, drug_concept_id, drug_era_start_date, drug_era_end_date) values (52719, 1496, 1236607, '2008/02/13', '2008/04/27');
INSERT INTO condition_era (condition_era_id, person_id, condition_concept_id, condition_era_start_date, condition_era_end_date) values (121387, 1496, 4046500, '2008/02/13', '2008/04/27');
INSERT INTO drug_exposure (drug_exposure_id, person_id, drug_concept_id, drug_exposure_start_date, drug_type_concept_id, quantity, days_supply) values (149411, 1496, 40163546, '2008/02/13', 38000175, 30, 30);
INSERT INTO drug_exposure (drug_exposure_id, person_id, drug_concept_id, drug_exposure_start_date, drug_type_concept_id, quantity, days_supply) values (149412, 1496, 1236610, '2008/02/13', 38000175, 30, 30);
INSERT INTO person (person_id, gender_concept_id, year_of_birth, month_of_birth, day_of_birth, race_concept_id, ethnicity_concept_id, location_id) values (1497, 8507, 1970, 1, 1, 8527, 38003564, 321);
INSERT INTO visit_occurrence (visit_occurrence_id, person_id, visit_concept_id, visit_start_date, visit_end_date, visit_type_concept_id, provider_id, care_site_id) values (135519, 1497, 9201, '2008/02/13', '2008/04/27', 44818517, 23492, 11905);
INSERT INTO drug_era (drug_era_id, person_id, drug_concept_id, drug_era_start_date, drug_era_end_date) values (52720, 1497, 1310149, '2008/02/13', '2008/04/27');
INSERT INTO drug_era (drug_era_id, person_id, drug_concept_id, drug_era_start_date, drug_era_end_date) values (52721, 1497, 1236607, '2008/02/13', '2008/04/27');
INSERT INTO drug_era (drug_era_id, person_id, drug_concept_id, drug_era_start_date, drug_era_end_date) values (52722, 1497, 970250, '2008/02/13', '2008/04/27');
INSERT INTO drug_exposure (drug_exposure_id, person_id, drug_concept_id, drug_exposure_start_date, drug_type_concept_id, quantity, days_supply) values (149413, 1497, 40163546, '2008/02/13', 38000175, 30, 30);
INSERT INTO drug_exposure (drug_exposure_id, person_id, drug_concept_id, drug_exposure_start_date, drug_type_concept_id, quantity, days_supply) values (149414, 1497, 1236610, '2008/02/13', 38000175, 30, 30);
INSERT INTO drug_exposure (drug_exposure_id, person_id, drug_concept_id, drug_exposure_start_date, drug_type_concept_id, quantity, days_supply) values (149415, 1497, 970282, '2008/02/13', 38000175, 30, 30);
INSERT INTO person (person_id, gender_concept_id, year_of_birth, month_of_birth, day_of_birth, race_concept_id, ethnicity_concept_id, location_id) values (1498, 8507, 1940, 1, 1, 8527, 38003564, 321);
INSERT INTO visit_occurrence (visit_occurrence_id, person_id, visit_concept_id, visit_start_date, visit_end_date, visit_type_concept_id, provider_id, care_site_id) values (135520, 1498, 9201, '2008/02/13', '2008/04/27', 44818517, 23492, 11905);
INSERT INTO drug_era (drug_era_id, person_id, drug_concept_id, drug_era_start_date, drug_era_end_date) values (52723, 1498, 1310149, '2008/02/13', '2008/04/27');
INSERT INTO drug_era (drug_era_id, person_id, drug_concept_id, drug_era_start_date, drug_era_end_date) values (52724, 1498, 1136980, '2008/02/13', '2008/04/27');
INSERT INTO drug_era (drug_era_id, person_id, drug_concept_id, drug_era_start_date, drug_era_end_date) values (52725, 1498, 1551099, '2008/02/13', '2008/04/27');
INSERT INTO drug_exposure (drug_exposure_id, person_id, drug_concept_id, drug_exposure_start_date, drug_type_concept_id, quantity, days_supply) values (149416, 1498, 40163518, '2008/02/13', 38000175, 30, 30);
INSERT INTO drug_exposure (drug_exposure_id, person_id, drug_concept_id, drug_exposure_start_date, drug_type_concept_id, quantity, days_supply) values (149417, 1498, 19133853, '2008/02/13', 38000175, 30, 30);
INSERT INTO drug_exposure (drug_exposure_id, person_id, drug_concept_id, drug_exposure_start_date, drug_type_concept_id, quantity, days_supply) values (149418, 1498, 1551170, '2008/02/13', 38000175, 30, 30);
INSERT INTO person (person_id, gender_concept_id, year_of_birth, month_of_birth, day_of_birth, race_concept_id, ethnicity_concept_id, location_id) values (1499, 8507, 1970, 1, 1, 8527, 38003564, 321);
INSERT INTO visit_occurrence (visit_occurrence_id, person_id, visit_concept_id, visit_start_date, visit_end_date, visit_type_concept_id, provider_id, care_site_id) values (135521, 1499, 9201, '2008/02/13', '2008/04/27', 44818517, 23492, 11905);
INSERT INTO drug_era (drug_era_id, person_id, drug_concept_id, drug_era_start_date, drug_era_end_date) values (52726, 1499, 1310149, '2008/02/13', '2008/04/27');
INSERT INTO drug_era (drug_era_id, person_id, drug_concept_id, drug_era_start_date, drug_era_end_date) values (52727, 1499, 1136980, '2008/02/13', '2008/04/27');
INSERT INTO drug_exposure (drug_exposure_id, person_id, drug_concept_id, drug_exposure_start_date, drug_type_concept_id, quantity, days_supply) values (149419, 1499, 40163518, '2008/02/13', 38000175, 30, 30);
INSERT INTO drug_exposure (drug_exposure_id, person_id, drug_concept_id, drug_exposure_start_date, drug_type_concept_id, quantity, days_supply) values (149420, 1499, 19133853, '2008/02/13', 38000175, 30, 30);
INSERT INTO person (person_id, gender_concept_id, year_of_birth, month_of_birth, day_of_birth, race_concept_id, ethnicity_concept_id, location_id) values (1500, 8507, 1950, 1, 1, 8527, 38003564, 321);
INSERT INTO visit_occurrence (visit_occurrence_id, person_id, visit_concept_id, visit_start_date, visit_end_date, visit_type_concept_id, provider_id, care_site_id) values (135522, 1500, 9201, '2008/02/13', '2008/04/27', 44818517, 23492, 11905);
INSERT INTO drug_era (drug_era_id, person_id, drug_concept_id, drug_era_start_date, drug_era_end_date) values (52728, 1500, 19049105, '2008/02/13', '2008/04/27');
INSERT INTO drug_era (drug_era_id, person_id, drug_concept_id, drug_era_start_date, drug_era_end_date) values (52729, 1500, 970250, '2008/02/13', '2008/04/27');
INSERT INTO drug_exposure (drug_exposure_id, person_id, drug_concept_id, drug_exposure_start_date, drug_type_concept_id, quantity, days_supply) values (149421, 1500, 19049371, '2008/02/13', 38000175, 30, 30);
INSERT INTO drug_exposure (drug_exposure_id, person_id, drug_concept_id, drug_exposure_start_date, drug_type_concept_id, quantity, days_supply) values (149422, 1500, 19106647, '2008/02/13', 38000175, 30, 30);
INSERT INTO measurement (measurement_id, person_id, measurement_concept_id, measurement_date, measurement_type_concept_id, value_as_number, unit_concept_id) values (170000, 1500, 3023103, '2008/02/13', 45754907, 4.2, 9557);
INSERT INTO person (person_id, gender_concept_id, year_of_birth, month_of_birth, day_of_birth, race_concept_id, ethnicity_concept_id, location_id) values (1501, 8507, 1950, 1, 1, 8527, 38003564, 321);
INSERT INTO visit_occurrence (visit_occurrence_id, person_id, visit_concept_id, visit_start_date, visit_end_date, visit_type_concept_id, provider_id, care_site_id) values (135523, 1501, 9201, '2008/02/13', '2008/04/27', 44818517, 23492, 11905);
INSERT INTO drug_era (drug_era_id, person_id, drug_concept_id, drug_era_start_date, drug_era_end_date) values (52730, 1501, 19049105, '2008/02/13', '2008/04/27');
INSERT INTO drug_era (drug_era_id, person_id, drug_concept_id, drug_era_start_date, drug_era_end_date) values (52731, 1501, 970250, '2008/02/13', '2008/04/27');
INSERT INTO drug_exposure (drug_exposure_id, person_id, drug_concept_id, drug_exposure_start_date, drug_type_concept_id, quantity, days_supply) values (149423, 1501, 19049376, '2008/02/13', 38000175, 30, 30);
INSERT INTO drug_exposure (drug_exposure_id, person_id, drug_concept_id, drug_exposure_start_date, drug_type_concept_id, quantity, days_supply) values (149424, 1501, 19106647, '2008/02/13', 38000175, 30, 30);
INSERT INTO measurement (measurement_id, person_id, measurement_concept_id, measurement_date, measurement_type_concept_id, value_as_number, unit_concept_id) values (170001, 1501, 3023103, '2008/02/13', 45754907, 5.1, 9557);
INSERT INTO drug_era (drug_era_id, person_id, drug_concept_id, drug_era_start_date, drug_era_end_date) values (52732, 1501, 1335471, '2008/02/13', '2008/04/27');
INSERT INTO drug_exposure (drug_exposure_id, person_id, drug_concept_id, drug_exposure_start_date, drug_type_concept_id, quantity, days_supply) values (149425, 1501, 40171675, '2008/02/13', 38000175, 30, 30);
INSERT INTO person (person_id, gender_concept_id, year_of_birth, month_of_birth, day_of_birth, race_concept_id, ethnicity_concept_id, location_id) values (1502, 8507, 1930, 1, 1, 8527, 38003564, 321);
INSERT INTO visit_occurrence (visit_occurrence_id, person_id, visit_concept_id, visit_start_date, visit_end_date, visit_type_concept_id, provider_id, care_site_id) values (135524, 1502, 9201, '2008/02/13', '2008/04/27', 44818517, 23492, 11905);
INSERT INTO drug_era (drug_era_id, person_id, drug_concept_id, drug_era_start_date, drug_era_end_date) values (52733, 1502, 19049105, '2008/02/13', '2008/04/27');
INSERT INTO drug_era (drug_era_id, person_id, drug_concept_id, drug_era_start_date, drug_era_end_date) values (52734, 1502, 970250, '2008/02/13', '2008/04/27');
INSERT INTO drug_exposure (drug_exposure_id, person_id, drug_concept_id, drug_exposure_start_date, drug_type_concept_id, quantity, days_supply) values (149426, 1502, 19049376, '2008/02/13', 38000175, 30, 30);
INSERT INTO drug_exposure (drug_exposure_id, person_id, drug_concept_id, drug_exposure_start_date, drug_type_concept_id, quantity, days_supply) values (149427, 1502, 19106647, '2008/02/13', 38000175, 30, 30);
INSERT INTO measurement (measurement_id, person_id, measurement_concept_id, measurement_date, measurement_type_concept_id, value_as_number, unit_concept_id) values (170002, 1502, 3023103, '2008/02/13', 45754907, 5.5, 9557);
INSERT INTO measurement (measurement_id, person_id, measurement_concept_id, measurement_date, measurement_type_concept_id, value_as_number, unit_concept_id) values (170003, 1502, 3016723, '2008/02/13', 45754907, 32, 8795);
INSERT INTO person (person_id, gender_concept_id, year_of_birth, month_of_birth, day_of_birth, race_concept_id, ethnicity_concept_id, location_id) values (1503, 8507, 1940, 1, 1, 8527, 38003564, 321);
INSERT INTO visit_occurrence (visit_occurrence_id, person_id, visit_concept_id, visit_start_date, visit_end_date, visit_type_concept_id, provider_id, care_site_id) values (135525, 1503, 9201, '2008/02/13', '2008/04/27', 44818517, 23492, 11905);
INSERT INTO drug_era (drug_era_id, person_id, drug_concept_id, drug_era_start_date, drug_era_end_date) values (52735, 1503, 19049105, '2008/02/13', '2008/04/27');
INSERT INTO drug_era (drug_era_id, person_id, drug_concept_id, drug_era_start_date, drug_era_end_date) values (52736, 1503, 970250, '2008/02/13', '2008/04/27');
INSERT INTO drug_exposure (drug_exposure_id, person_id, drug_concept_id, drug_exposure_start_date, drug_type_concept_id, quantity, days_supply) values (149428, 1503, 19104396, '2008/02/13', 38000175, 20, 10);
INSERT INTO drug_exposure (drug_exposure_id, person_id, drug_concept_id, drug_exposure_start_date, drug_type_concept_id, quantity, days_supply) values (149429, 1503, 19106647, '2008/02/13', 38000175, 30, 30);
INSERT INTO measurement (measurement_id, person_id, measurement_concept_id, measurement_date, measurement_type_concept_id, value_as_number, unit_concept_id) values (170004, 1503, 3023103, '2008/02/13', 45754907, 3.5, 9557);
INSERT INTO measurement (measurement_id, person_id, measurement_concept_id, measurement_date, measurement_type_concept_id, value_as_number, unit_concept_id) values (170005, 1503, 3016723, '2008/02/13', 45754907, 32, 8795);
INSERT INTO person (person_id, gender_concept_id, year_of_birth, month_of_birth, day_of_birth, race_concept_id, ethnicity_concept_id, location_id) values (1504, 8507, 1955, 1, 1, 8527, 38003564, 321);
INSERT INTO visit_occurrence (visit_occurrence_id, person_id, visit_concept_id, visit_start_date, visit_end_date, visit_type_concept_id, provider_id, care_site_id) values (135526, 1504, 9201, '2008/02/13', '2008/04/27', 44818517, 23492, 11905);
INSERT INTO drug_era (drug_era_id, person_id, drug_concept_id, drug_era_start_date, drug_era_end_date) values (52737, 1504, 1754994, '2008/02/13', '2008/04/27');
INSERT INTO drug_era (drug_era_id, person_id, drug_concept_id, drug_era_start_date, drug_era_end_date) values (52738, 1504, 1124957, '2008/02/13', '2008/04/27');
INSERT INTO drug_exposure (drug_exposure_id, person_id, drug_concept_id, drug_exposure_start_date, drug_type_concept_id, quantity, days_supply) values (149430, 1504, 19019004, '2008/02/13', 38000175, 60, 30);
INSERT INTO drug_exposure (drug_exposure_id, person_id, drug_concept_id, drug_exposure_start_date, drug_type_concept_id, quantity, days_supply) values (149431, 1504, 40232717, '2008/02/13', 38000175, 120, 30);
INSERT INTO person (person_id, gender_concept_id, year_of_birth, month_of_birth, day_of_birth, race_concept_id, ethnicity_concept_id, location_id) values (1505, 8507, 1950, 1, 1, 8527, 38003564, 321);
INSERT INTO visit_occurrence (visit_occurrence_id, person_id, visit_concept_id, visit_start_date, visit_end_date, visit_type_concept_id, provider_id, care_site_id) values (135527, 1505, 9201, '2008/02/13', '2008/04/27', 44818517, 23492, 11905);
INSERT INTO drug_era (drug_era_id, person_id, drug_concept_id, drug_era_start_date, drug_era_end_date) values (52739, 1505, 1754994, '2008/02/13', '2008/04/27');
INSERT INTO drug_era (drug_era_id, person_id, drug_concept_id, drug_era_start_date, drug_era_end_date) values (52740, 1505, 1124957, '2008/02/13', '2008/04/27');
INSERT INTO drug_exposure (drug_exposure_id, person_id, drug_concept_id, drug_exposure_start_date, drug_type_concept_id, quantity, days_supply) values (149432, 1505, 19019004, '2008/02/13', 38000175, 30, 30);
INSERT INTO drug_exposure (drug_exposure_id, person_id, drug_concept_id, drug_exposure_start_date, drug_type_concept_id, quantity, days_supply) values (149433, 1505, 40232717, '2008/02/13', 38000175, 30, 30);
INSERT INTO person (person_id, gender_concept_id, year_of_birth, month_of_birth, day_of_birth, race_concept_id, ethnicity_concept_id, location_id) values (1506, 8507, 1952, 1, 1, 8527, 38003564, 321);
INSERT INTO visit_occurrence (visit_occurrence_id, person_id, visit_concept_id, visit_start_date, visit_end_date, visit_type_concept_id, provider_id, care_site_id) values (135528, 1506, 9201, '2008/02/13', '2008/04/27', 44818517, 23492, 11905);
INSERT INTO drug_era (drug_era_id, person_id, drug_concept_id, drug_era_start_date, drug_era_end_date) values (52741, 1506, 1754994, '2008/02/13', '2008/04/27');
INSERT INTO drug_era (drug_era_id, person_id, drug_concept_id, drug_era_start_date, drug_era_end_date) values (52742, 1506, 1124957, '2008/02/13', '2008/04/27');
INSERT INTO drug_exposure (drug_exposure_id, person_id, drug_concept_id, drug_exposure_start_date, drug_type_concept_id, quantity, days_supply) values (149434, 1506, 19019004, '2008/02/13', 38000175, 60, 30);
INSERT INTO drug_exposure (drug_exposure_id, person_id, drug_concept_id, drug_exposure_start_date, drug_type_concept_id, quantity, days_supply) values (149435, 1506, 40232717, '2008/02/13', 38000175, 30, 30);
INSERT INTO person (person_id, gender_concept_id, year_of_birth, month_of_birth, day_of_birth, race_concept_id, ethnicity_concept_id, location_id) values (1507, 8507, 1953, 1, 1, 8527, 38003564, 321);
INSERT INTO visit_occurrence (visit_occurrence_id, person_id, visit_concept_id, visit_start_date, visit_end_date, visit_type_concept_id, provider_id, care_site_id) values (135529, 1507, 9201, '2008/02/13', '2008/04/27', 44818517, 23492, 11905);
INSERT INTO drug_era (drug_era_id, person_id, drug_concept_id, drug_era_start_date, drug_era_end_date) values (52743, 1507, 1754994, '2008/02/13', '2008/04/27');
INSERT INTO drug_era (drug_era_id, person_id, drug_concept_id, drug_era_start_date, drug_era_end_date) values (52744, 1507, 1154029, '2008/02/13', '2008/04/27');
INSERT INTO drug_exposure (drug_exposure_id, person_id, drug_concept_id, drug_exposure_start_date, drug_type_concept_id, quantity, days_supply) values (149436, 1507, 19019004, '2008/02/13', 38000175, 60, 30);
INSERT INTO drug_exposure (drug_exposure_id, person_id, drug_concept_id, drug_exposure_start_date, drug_type_concept_id, quantity, days_supply) values (149437, 1507, 1154108, '2008/02/13', 38000175, 3, 1);
INSERT INTO person (person_id, gender_concept_id, year_of_birth, month_of_birth, day_of_birth, race_concept_id, ethnicity_concept_id, location_id) values (1508, 8507, 1940, 1, 1, 8527, 38003564, 321);
INSERT INTO visit_occurrence (visit_occurrence_id, person_id, visit_concept_id, visit_start_date, visit_end_date, visit_type_concept_id, provider_id, care_site_id) values (135530, 1508, 9201, '2008/02/13', '2008/04/27', 44818517, 23492, 11905);
INSERT INTO drug_era (drug_era_id, person_id, drug_concept_id, drug_era_start_date, drug_era_end_date) values (52745, 1508, 19049105, '2008/02/13', '2008/04/27');
INSERT INTO drug_era (drug_era_id, person_id, drug_concept_id, drug_era_start_date, drug_era_end_date) values (52746, 1508, 970250, '2008/02/13', '2008/04/27');
INSERT INTO drug_exposure (drug_exposure_id, person_id, drug_concept_id, drug_exposure_start_date, drug_type_concept_id, quantity, days_supply) values (149438, 1508, 19104396, '2008/02/13', 38000175, 20, 10);
INSERT INTO drug_exposure (drug_exposure_id, person_id, drug_concept_id, drug_exposure_start_date, drug_type_concept_id, quantity, days_supply) values (149439, 1508, 19106647, '2008/02/13', 38000175, 30, 30);
INSERT INTO person (person_id, gender_concept_id, year_of_birth, month_of_birth, day_of_birth, race_concept_id, ethnicity_concept_id, location_id) values (1509, 8507, 1950, 1, 1, 8527, 38003564, 321);
INSERT INTO visit_occurrence (visit_occurrence_id, person_id, visit_concept_id, visit_start_date, visit_end_date, visit_type_concept_id, provider_id, care_site_id) values (135531, 1509, 9201, '2008/02/13', '2008/04/27', 44818517, 23492, 11905);
INSERT INTO drug_era (drug_era_id, person_id, drug_concept_id, drug_era_start_date, drug_era_end_date) values (52747, 1509, 1343916, '2008/02/13', '2008/04/27');
INSERT INTO drug_era (drug_era_id, person_id, drug_concept_id, drug_era_start_date, drug_era_end_date) values (52748, 1509, 1353766, '2008/02/13', '2008/04/27');
INSERT INTO drug_exposure (drug_exposure_id, person_id, drug_concept_id, drug_exposure_start_date, drug_type_concept_id, quantity, days_supply) values (149440, 1509, 19076899, '2008/02/13', 38000175, 1, 1);
INSERT INTO drug_exposure (drug_exposure_id, person_id, drug_concept_id, drug_exposure_start_date, drug_type_concept_id, quantity, days_supply) values (149441, 1509, 40163312, '2008/02/13', 38000175, 30, 30);
INSERT INTO person (person_id, gender_concept_id, year_of_birth, month_of_birth, day_of_birth, race_concept_id, ethnicity_concept_id, location_id) values (1510, 8507, 1955, 1, 1, 8527, 38003564, 321);
INSERT INTO visit_occurrence (visit_occurrence_id, person_id, visit_concept_id, visit_start_date, visit_end_date, visit_type_concept_id, provider_id, care_site_id) values (135532, 1510, 9201, '2008/02/13', '2008/04/27', 44818517, 23492, 11905);
INSERT INTO drug_era (drug_era_id, person_id, drug_concept_id, drug_era_start_date, drug_era_end_date) values (52749, 1510, 1343916, '2008/02/13', '2008/04/27');
INSERT INTO drug_era (drug_era_id, person_id, drug_concept_id, drug_era_start_date, drug_era_end_date) values (52750, 1510, 1322081, '2008/02/13', '2008/04/27');
INSERT INTO drug_exposure (drug_exposure_id, person_id, drug_concept_id, drug_exposure_start_date, drug_type_concept_id, quantity, days_supply) values (149442, 1510, 19076899, '2008/02/13', 38000175, 1, 1);
INSERT INTO drug_exposure (drug_exposure_id, person_id, drug_concept_id, drug_exposure_start_date, drug_type_concept_id, quantity, days_supply) values (149443, 1510, 42800549, '2008/02/13', 38000175, 60, 30);
INSERT INTO person (person_id, gender_concept_id, year_of_birth, month_of_birth, day_of_birth, race_concept_id, ethnicity_concept_id, location_id) values (1511, 8507, 1960, 1, 1, 8527, 38003564, 321);
INSERT INTO visit_occurrence (visit_occurrence_id, person_id, visit_concept_id, visit_start_date, visit_end_date, visit_type_concept_id, provider_id, care_site_id) values (135533, 1511, 9201, '2008/02/13', '2008/04/27', 44818517, 23492, 11905);
INSERT INTO drug_era (drug_era_id, person_id, drug_concept_id, drug_era_start_date, drug_era_end_date) values (52751, 1511, 1343916, '2008/02/13', '2008/04/27');
INSERT INTO drug_era (drug_era_id, person_id, drug_concept_id, drug_era_start_date, drug_era_end_date) values (52752, 1511, 1314002, '2008/02/13', '2008/04/27');
INSERT INTO drug_exposure (drug_exposure_id, person_id, drug_concept_id, drug_exposure_start_date, drug_type_concept_id, quantity, days_supply) values (149444, 1511, 19076899, '2008/02/13', 38000175, 1, 1);
INSERT INTO drug_exposure (drug_exposure_id, person_id, drug_concept_id, drug_exposure_start_date, drug_type_concept_id, quantity, days_supply) values (149445, 1511, 19018811, '2008/02/13', 38000175, 150, 30);
INSERT INTO measurement (measurement_id, person_id, measurement_concept_id, measurement_date, measurement_type_concept_id, value_as_number, unit_concept_id) values (170006, 1511, 3016723, '2008/02/13', 45754907, 45, 8795);
INSERT INTO person (person_id, gender_concept_id, year_of_birth, month_of_birth, day_of_birth, race_concept_id, ethnicity_concept_id, location_id) values (1512, 8507, 1930, 1, 1, 8527, 38003564, 321);
INSERT INTO visit_occurrence (visit_occurrence_id, person_id, visit_concept_id, visit_start_date, visit_end_date, visit_type_concept_id, provider_id, care_site_id) values (135534, 1512, 9201, '2008/02/13', '2008/04/27', 44818517, 23492, 11905);
INSERT INTO drug_era (drug_era_id, person_id, drug_concept_id, drug_era_start_date, drug_era_end_date) values (52753, 1512, 1343916, '2008/02/13', '2008/04/27');
INSERT INTO drug_era (drug_era_id, person_id, drug_concept_id, drug_era_start_date, drug_era_end_date) values (52754, 1512, 1314002, '2008/02/13', '2008/04/27');
INSERT INTO drug_exposure (drug_exposure_id, person_id, drug_concept_id, drug_exposure_start_date, drug_type_concept_id, quantity, days_supply) values (149446, 1512, 19076899, '2008/02/13', 38000175, 1, 1);
INSERT INTO drug_exposure (drug_exposure_id, person_id, drug_concept_id, drug_exposure_start_date, drug_type_concept_id, quantity, days_supply) values (149447, 1512, 19018811, '2008/02/13', 38000175, 120, 30);
INSERT INTO measurement (measurement_id, person_id, measurement_concept_id, measurement_date, measurement_type_concept_id, value_as_number, unit_concept_id) values (170007, 1512, 3016723, '2008/02/13', 45754907, 35, 8795);
INSERT INTO person (person_id, gender_concept_id, year_of_birth, month_of_birth, day_of_birth, race_concept_id, ethnicity_concept_id, location_id) values (1513, 8507, 1930, 1, 1, 8527, 38003564, 321);
INSERT INTO visit_occurrence (visit_occurrence_id, person_id, visit_concept_id, visit_start_date, visit_end_date, visit_type_concept_id, provider_id, care_site_id) values (135535, 1513, 9201, '2008/02/13', '2008/04/27', 44818517, 23492, 11905);
INSERT INTO drug_era (drug_era_id, person_id, drug_concept_id, drug_era_start_date, drug_era_end_date) values (52755, 1513, 1343916, '2008/02/13', '2008/04/27');
INSERT INTO drug_era (drug_era_id, person_id, drug_concept_id, drug_era_start_date, drug_era_end_date) values (52756, 1513, 1338005, '2008/02/13', '2008/04/27');
INSERT INTO drug_exposure (drug_exposure_id, person_id, drug_concept_id, drug_exposure_start_date, drug_type_concept_id, quantity, days_supply) values (149448, 1513, 19076899, '2008/02/13', 38000175, 1, 1);
INSERT INTO drug_exposure (drug_exposure_id, person_id, drug_concept_id, drug_exposure_start_date, drug_type_concept_id, quantity, days_supply) values (149449, 1513, 40162867, '2008/02/13', 38000175, 90, 30);
INSERT INTO measurement (measurement_id, person_id, measurement_concept_id, measurement_date, measurement_type_concept_id, value_as_number, unit_concept_id) values (170008, 1513, 3016723, '2008/02/13', 45754907, 35, 8795);
INSERT INTO person (person_id, gender_concept_id, year_of_birth, month_of_birth, day_of_birth, race_concept_id, ethnicity_concept_id, location_id) values (1514, 8507, 1930, 1, 1, 8527, 38003564, 321);
INSERT INTO visit_occurrence (visit_occurrence_id, person_id, visit_concept_id, visit_start_date, visit_end_date, visit_type_concept_id, provider_id, care_site_id) values (135536, 1514, 9201, '2008/02/13', '2008/04/27', 44818517, 23492, 11905);
INSERT INTO drug_era (drug_era_id, person_id, drug_concept_id, drug_era_start_date, drug_era_end_date) values (52757, 1514, 1343916, '2008/02/13', '2008/04/27');
INSERT INTO drug_era (drug_era_id, person_id, drug_concept_id, drug_era_start_date, drug_era_end_date) values (52758, 1514, 1338005, '2008/02/13', '2008/04/27');
INSERT INTO drug_exposure (drug_exposure_id, person_id, drug_concept_id, drug_exposure_start_date, drug_type_concept_id, quantity, days_supply) values (149450, 1514, 19076899, '2008/02/13', 38000175, 1, 1);
INSERT INTO drug_exposure (drug_exposure_id, person_id, drug_concept_id, drug_exposure_start_date, drug_type_concept_id, quantity, days_supply) values (149451, 1514, 40162867, '2008/02/13', 38000175, 90, 30);
INSERT INTO measurement (measurement_id, person_id, measurement_concept_id, measurement_date, measurement_type_concept_id, value_as_number, unit_concept_id) values (170009, 1514, 3016723, '2008/02/13', 45754907, 45, 8795);
INSERT INTO person (person_id, gender_concept_id, year_of_birth, month_of_birth, day_of_birth, race_concept_id, ethnicity_concept_id, location_id) values (1515, 8507, 1985, 1, 1, 8527, 38003564, 321);
INSERT INTO visit_occurrence (visit_occurrence_id, person_id, visit_concept_id, visit_start_date, visit_end_date, visit_type_concept_id, provider_id, care_site_id) values (135537, 1515, 9201, '2008/02/13', '2008/04/27', 44818517, 23492, 11905);
INSERT INTO drug_era (drug_era_id, person_id, drug_concept_id, drug_era_start_date, drug_era_end_date) values (52759, 1515, 1343916, '2008/02/13', '2008/04/27');
INSERT INTO drug_era (drug_era_id, person_id, drug_concept_id, drug_era_start_date, drug_era_end_date) values (52760, 1515, 19063575, '2008/02/13', '2008/04/27');
INSERT INTO drug_exposure (drug_exposure_id, person_id, drug_concept_id, drug_exposure_start_date, drug_type_concept_id, quantity, days_supply) values (149452, 1515, 19076899, '2008/02/13', 38000175, 1, 1);
INSERT INTO drug_exposure (drug_exposure_id, person_id, drug_concept_id, drug_exposure_start_date, drug_type_concept_id, quantity, days_supply) values (149453, 1515, 40182878, '2008/02/13', 38000175, 60, 30);
INSERT INTO person (person_id, gender_concept_id, year_of_birth, month_of_birth, day_of_birth, race_concept_id, ethnicity_concept_id, location_id) values (1516, 8507, 1951, 1, 1, 8527, 38003564, 321);
INSERT INTO visit_occurrence (visit_occurrence_id, person_id, visit_concept_id, visit_start_date, visit_end_date, visit_type_concept_id, provider_id, care_site_id) values (135538, 1516, 9201, '2008/02/13', '2008/04/27', 44818517, 23492, 11905);
INSERT INTO drug_era (drug_era_id, person_id, drug_concept_id, drug_era_start_date, drug_era_end_date) values (52761, 1516, 1343916, '2008/02/13', '2008/04/27');
INSERT INTO drug_era (drug_era_id, person_id, drug_concept_id, drug_era_start_date, drug_era_end_date) values (52762, 1516, 1307046, '2008/02/13', '2008/04/27');
INSERT INTO drug_exposure (drug_exposure_id, person_id, drug_concept_id, drug_exposure_start_date, drug_type_concept_id, quantity, days_supply) values (149454, 1516, 19076899, '2008/02/13', 38000175, 1, 1);
INSERT INTO drug_exposure (drug_exposure_id, person_id, drug_concept_id, drug_exposure_start_date, drug_type_concept_id, quantity, days_supply) values (149455, 1516, 46221724, '2008/02/13', 38000175, 60, 30);
INSERT INTO person (person_id, gender_concept_id, year_of_birth, month_of_birth, day_of_birth, race_concept_id, ethnicity_concept_id, location_id) values (1517, 8507, 1970, 1, 1, 8527, 38003564, 321);
INSERT INTO visit_occurrence (visit_occurrence_id, person_id, visit_concept_id, visit_start_date, visit_end_date, visit_type_concept_id, provider_id, care_site_id) values (135539, 1517, 9201, '2008/02/13', '2008/04/27', 44818517, 23492, 11905);
INSERT INTO drug_era (drug_era_id, person_id, drug_concept_id, drug_era_start_date, drug_era_end_date) values (52763, 1517, 1343916, '2008/02/13', '2008/04/27');
INSERT INTO drug_era (drug_era_id, person_id, drug_concept_id, drug_era_start_date, drug_era_end_date) values (52764, 1517, 1307046, '2008/02/13', '2008/04/27');
INSERT INTO drug_era (drug_era_id, person_id, drug_concept_id, drug_era_start_date, drug_era_end_date) values (52765, 1517, 755695, '2008/02/13', '2008/04/27');
INSERT INTO drug_exposure (drug_exposure_id, person_id, drug_concept_id, drug_exposure_start_date, drug_type_concept_id, quantity, days_supply) values (149456, 1517, 19076899, '2008/02/13', 38000175, 1, 1);
INSERT INTO drug_exposure (drug_exposure_id, person_id, drug_concept_id, drug_exposure_start_date, drug_type_concept_id, quantity, days_supply) values (149457, 1517, 46221724, '2008/02/13', 38000175, 30, 30);
INSERT INTO drug_exposure (drug_exposure_id, person_id, drug_concept_id, drug_exposure_start_date, drug_type_concept_id, quantity, days_supply) values (149458, 1517, 755700, '2008/02/13', 38000175, 30, 30);
INSERT INTO person (person_id, gender_concept_id, year_of_birth, month_of_birth, day_of_birth, race_concept_id, ethnicity_concept_id, location_id) values (1518, 8507, 1954, 1, 1, 8527, 38003564, 321);
INSERT INTO visit_occurrence (visit_occurrence_id, person_id, visit_concept_id, visit_start_date, visit_end_date, visit_type_concept_id, provider_id, care_site_id) values (135540, 1518, 9201, '2008/02/13', '2008/04/27', 44818517, 23492, 11905);
INSERT INTO drug_era (drug_era_id, person_id, drug_concept_id, drug_era_start_date, drug_era_end_date) values (52766, 1518, 1343916, '2008/02/13', '2008/04/27');
INSERT INTO drug_era (drug_era_id, person_id, drug_concept_id, drug_era_start_date, drug_era_end_date) values (52767, 1518, 1314577, '2008/02/13', '2008/04/27');
INSERT INTO drug_exposure (drug_exposure_id, person_id, drug_concept_id, drug_exposure_start_date, drug_type_concept_id, quantity, days_supply) values (149459, 1518, 19076899, '2008/02/13', 38000175, 1, 1);
INSERT INTO drug_exposure (drug_exposure_id, person_id, drug_concept_id, drug_exposure_start_date, drug_type_concept_id, quantity, days_supply) values (149460, 1518, 1314581, '2008/02/13', 38000175, 60, 30);
INSERT INTO person (person_id, gender_concept_id, year_of_birth, month_of_birth, day_of_birth, race_concept_id, ethnicity_concept_id, location_id) values (1519, 8507, 1969, 1, 1, 8527, 38003564, 321);
INSERT INTO visit_occurrence (visit_occurrence_id, person_id, visit_concept_id, visit_start_date, visit_end_date, visit_type_concept_id, provider_id, care_site_id) values (135541, 1519, 9201, '2008/02/13', '2008/04/27', 44818517, 23492, 11905);
INSERT INTO drug_era (drug_era_id, person_id, drug_concept_id, drug_era_start_date, drug_era_end_date) values (52768, 1519, 1343916, '2008/02/13', '2008/04/27');
INSERT INTO drug_era (drug_era_id, person_id, drug_concept_id, drug_era_start_date, drug_era_end_date) values (52769, 1519, 1314577, '2008/02/13', '2008/04/27');
INSERT INTO drug_era (drug_era_id, person_id, drug_concept_id, drug_era_start_date, drug_era_end_date) values (52770, 1519, 755695, '2008/02/13', '2008/04/27');
INSERT INTO drug_exposure (drug_exposure_id, person_id, drug_concept_id, drug_exposure_start_date, drug_type_concept_id, quantity, days_supply) values (149461, 1519, 19076899, '2008/02/13', 38000175, 1, 1);
INSERT INTO drug_exposure (drug_exposure_id, person_id, drug_concept_id, drug_exposure_start_date, drug_type_concept_id, quantity, days_supply) values (149462, 1519, 19101573, '2008/02/13', 38000175, 30, 30);
INSERT INTO drug_exposure (drug_exposure_id, person_id, drug_concept_id, drug_exposure_start_date, drug_type_concept_id, quantity, days_supply) values (149463, 1519, 755700, '2008/02/13', 38000175, 30, 30);
INSERT INTO person (person_id, gender_concept_id, year_of_birth, month_of_birth, day_of_birth, race_concept_id, ethnicity_concept_id, location_id) values (1520, 8507, 1958, 1, 1, 8527, 38003564, 321);
INSERT INTO visit_occurrence (visit_occurrence_id, person_id, visit_concept_id, visit_start_date, visit_end_date, visit_type_concept_id, provider_id, care_site_id) values (135542, 1520, 9201, '2008/02/13', '2008/04/27', 44818517, 23492, 11905);
INSERT INTO drug_era (drug_era_id, person_id, drug_concept_id, drug_era_start_date, drug_era_end_date) values (52771, 1520, 1343916, '2008/02/13', '2008/04/27');
INSERT INTO drug_era (drug_era_id, person_id, drug_concept_id, drug_era_start_date, drug_era_end_date) values (52772, 1520, 902427, '2008/02/13', '2008/04/27');
INSERT INTO drug_era (drug_era_id, person_id, drug_concept_id, drug_era_start_date, drug_era_end_date) values (52773, 1520, 755695, '2008/02/13', '2008/04/27');
INSERT INTO drug_exposure (drug_exposure_id, person_id, drug_concept_id, drug_exposure_start_date, drug_type_concept_id, quantity, days_supply) values (149464, 1520, 19076899, '2008/02/13', 38000175, 1, 1);
INSERT INTO drug_exposure (drug_exposure_id, person_id, drug_concept_id, drug_exposure_start_date, drug_type_concept_id, quantity, days_supply) values (149465, 1520, 902429, '2008/02/13', 38000175, 60, 30);
INSERT INTO drug_exposure (drug_exposure_id, person_id, drug_concept_id, drug_exposure_start_date, drug_type_concept_id, quantity, days_supply) values (149466, 1520, 755700, '2008/02/13', 38000175, 30, 30);
INSERT INTO person (person_id, gender_concept_id, year_of_birth, month_of_birth, day_of_birth, race_concept_id, ethnicity_concept_id, location_id) values (1521, 8507, 1972, 1, 1, 8527, 38003564, 321);
INSERT INTO visit_occurrence (visit_occurrence_id, person_id, visit_concept_id, visit_start_date, visit_end_date, visit_type_concept_id, provider_id, care_site_id) values (135543, 1521, 9201, '2008/02/13', '2008/04/27', 44818517, 23492, 11905);
INSERT INTO drug_era (drug_era_id, person_id, drug_concept_id, drug_era_start_date, drug_era_end_date) values (52774, 1521, 1343916, '2008/02/13', '2008/04/27');
INSERT INTO drug_era (drug_era_id, person_id, drug_concept_id, drug_era_start_date, drug_era_end_date) values (52775, 1521, 902427, '2008/02/13', '2008/04/27');
INSERT INTO drug_exposure (drug_exposure_id, person_id, drug_concept_id, drug_exposure_start_date, drug_type_concept_id, quantity, days_supply) values (149467, 1521, 19076899, '2008/02/13', 38000175, 1, 1);
INSERT INTO drug_exposure (drug_exposure_id, person_id, drug_concept_id, drug_exposure_start_date, drug_type_concept_id, quantity, days_supply) values (149468, 1521, 902429, '2008/02/13', 38000175, 120, 30);
INSERT INTO person (person_id, gender_concept_id, year_of_birth, month_of_birth, day_of_birth, race_concept_id, ethnicity_concept_id, location_id) values (1522, 8507, 1958, 1, 1, 8527, 38003564, 321);
INSERT INTO visit_occurrence (visit_occurrence_id, person_id, visit_concept_id, visit_start_date, visit_end_date, visit_type_concept_id, provider_id, care_site_id) values (135544, 1522, 9201, '2008/02/13', '2008/04/27', 44818517, 23492, 11905);
INSERT INTO drug_era (drug_era_id, person_id, drug_concept_id, drug_era_start_date, drug_era_end_date) values (52776, 1522, 19010482, '2008/02/13', '2008/04/27');
INSERT INTO drug_era (drug_era_id, person_id, drug_concept_id, drug_era_start_date, drug_era_end_date) values (52777, 1522, 985708, '2008/02/13', '2008/04/27');
INSERT INTO drug_exposure (drug_exposure_id, person_id, drug_concept_id, drug_exposure_start_date, drug_type_concept_id, quantity, days_supply) values (149469, 1522, 19082899, '2008/02/13', 38000175, 30, 30);
INSERT INTO drug_exposure (drug_exposure_id, person_id, drug_concept_id, drug_exposure_start_date, drug_type_concept_id, quantity, days_supply) values (149470, 1522, 985711, '2008/02/13', 38000175, 10, 10);
INSERT INTO person (person_id, gender_concept_id, year_of_birth, month_of_birth, day_of_birth, race_concept_id, ethnicity_concept_id, location_id) values (1523, 8507, 1951, 1, 1, 8527, 38003564, 321);
INSERT INTO visit_occurrence (visit_occurrence_id, person_id, visit_concept_id, visit_start_date, visit_end_date, visit_type_concept_id, provider_id, care_site_id) values (135545, 1523, 9201, '2008/02/13', '2008/04/27', 44818517, 23492, 11905);
INSERT INTO drug_era (drug_era_id, person_id, drug_concept_id, drug_era_start_date, drug_era_end_date) values (52778, 1523, 19010482, '2008/02/13', '2008/04/27');
INSERT INTO drug_era (drug_era_id, person_id, drug_concept_id, drug_era_start_date, drug_era_end_date) values (52779, 1523, 1754994, '2008/02/13', '2008/04/27');
INSERT INTO drug_exposure (drug_exposure_id, person_id, drug_concept_id, drug_exposure_start_date, drug_type_concept_id, quantity, days_supply) values (149471, 1523, 19082899, '2008/02/13', 38000175, 30, 30);
INSERT INTO drug_exposure (drug_exposure_id, person_id, drug_concept_id, drug_exposure_start_date, drug_type_concept_id, quantity, days_supply) values (149472, 1523, 1754995, '2008/02/13', 38000175, 20, 10);
INSERT INTO person (person_id, gender_concept_id, year_of_birth, month_of_birth, day_of_birth, race_concept_id, ethnicity_concept_id, location_id) values (1524, 8507, 1973, 1, 1, 8527, 38003564, 321);
INSERT INTO visit_occurrence (visit_occurrence_id, person_id, visit_concept_id, visit_start_date, visit_end_date, visit_type_concept_id, provider_id, care_site_id) values (135546, 1524, 9201, '2008/02/13', '2008/04/27', 44818517, 23492, 11905);
INSERT INTO drug_era (drug_era_id, person_id, drug_concept_id, drug_era_start_date, drug_era_end_date) values (52780, 1524, 19010482, '2008/02/13', '2008/04/27');
INSERT INTO drug_era (drug_era_id, person_id, drug_concept_id, drug_era_start_date, drug_era_end_date) values (52781, 1524, 1754994, '2008/02/13', '2008/04/27');
INSERT INTO drug_exposure (drug_exposure_id, person_id, drug_concept_id, drug_exposure_start_date, drug_type_concept_id, quantity, days_supply) values (149473, 1524, 19082899, '2008/02/13', 38000175, 30, 30);
INSERT INTO drug_exposure (drug_exposure_id, person_id, drug_concept_id, drug_exposure_start_date, drug_type_concept_id, quantity, days_supply) values (149474, 1524, 19124598, '2008/02/13', 38000175, 20, 10);
