INSERT INTO person (person_id, gender_concept_id, year_of_birth, month_of_birth, day_of_birth, race_concept_id, ethnicity_concept_id, location_id) values (1495, 8507, 1935, 1, 1, 8527, 38003564, 321);
INSERT INTO visit_occurrence (visit_occurrence_id, person_id, visit_concept_id, visit_start_date, visit_end_date, visit_type_concept_id, provider_id, care_site_id) values (135517, 1495, 9201, '2008-02-13', '2008-04-27', 44818517, 23492, 11905);
INSERT INTO drug_era (drug_era_id, person_id, drug_concept_id, drug_era_start_date, drug_era_end_date) values (52715, 1495, 1310149, '2008-02-13', '2008-04-27');
INSERT INTO drug_era (drug_era_id, person_id, drug_concept_id, drug_era_start_date, drug_era_end_date) values (52716, 1495, 1115008, '2008-02-13', '2008-04-27');
INSERT INTO drug_era (drug_era_id, person_id, drug_concept_id, drug_era_start_date, drug_era_end_date) values (52717, 1495, 923645, '2008-02-13', '2008-04-27');
INSERT INTO drug_exposure (drug_exposure_id, person_id, drug_concept_id, drug_exposure_start_date, drug_type_concept_id) values (149408, 1495, 40163518, '2008-02-13', 38000175);
INSERT INTO drug_exposure (drug_exposure_id, person_id, drug_concept_id, drug_exposure_start_date, drug_type_concept_id) values (149409, 1495, 1115129, '2008-02-13', 38000175);
INSERT INTO drug_exposure (drug_exposure_id, person_id, drug_concept_id, drug_exposure_start_date, drug_type_concept_id) values (149410, 1495, 19023551, '2008-02-13', 38000175);
INSERT INTO person (person_id, gender_concept_id, year_of_birth, month_of_birth, day_of_birth, race_concept_id, ethnicity_concept_id, location_id) values (1496, 8507, 1952, 1, 1, 8527, 38003564, 321);
INSERT INTO visit_occurrence (visit_occurrence_id, person_id, visit_concept_id, visit_start_date, visit_end_date, visit_type_concept_id, provider_id, care_site_id) values (135518, 1496, 9201, '2008-02-13', '2008-04-27', 44818517, 23492, 11905);
INSERT INTO drug_era (drug_era_id, person_id, drug_concept_id, drug_era_start_date, drug_era_end_date) values (52718, 1496, 1310149, '2008-02-13', '2008-04-27');
INSERT INTO drug_era (drug_era_id, person_id, drug_concept_id, drug_era_start_date, drug_era_end_date) values (52719, 1496, 1236607, '2008-02-13', '2008-04-27');
INSERT INTO condition_era (condition_era_id, person_id, condition_concept_id, condition_era_start_date, condition_era_end_date) values (121387, 1496, 4046500, '2008-02-13', '2008-04-27');
INSERT INTO drug_exposure (drug_exposure_id, person_id, drug_concept_id, drug_exposure_start_date, drug_type_concept_id) values (149411, 1496, 40163546, '2008-02-13', 38000175);
INSERT INTO drug_exposure (drug_exposure_id, person_id, drug_concept_id, drug_exposure_start_date, drug_type_concept_id) values (149412, 1496, 1236610, '2008-02-13', 38000175);
INSERT INTO person (person_id, gender_concept_id, year_of_birth, month_of_birth, day_of_birth, race_concept_id, ethnicity_concept_id, location_id) values (1497, 8507, 1970, 1, 1, 8527, 38003564, 321);
INSERT INTO visit_occurrence (visit_occurrence_id, person_id, visit_concept_id, visit_start_date, visit_end_date, visit_type_concept_id, provider_id, care_site_id) values (135519, 1497, 9201, '2008-02-13', '2008-04-27', 44818517, 23492, 11905);
INSERT INTO drug_era (drug_era_id, person_id, drug_concept_id, drug_era_start_date, drug_era_end_date) values (52720, 1497, 1310149, '2008-02-13', '2008-04-27');
INSERT INTO drug_era (drug_era_id, person_id, drug_concept_id, drug_era_start_date, drug_era_end_date) values (52721, 1497, 1236607, '2008-02-13', '2008-04-27');
INSERT INTO drug_era (drug_era_id, person_id, drug_concept_id, drug_era_start_date, drug_era_end_date) values (52722, 1497, 970250, '2008-02-13', '2008-04-27');
INSERT INTO drug_exposure (drug_exposure_id, person_id, drug_concept_id, drug_exposure_start_date, drug_type_concept_id) values (149413, 1497, 40163546, '2008-02-13', 38000175);
INSERT INTO drug_exposure (drug_exposure_id, person_id, drug_concept_id, drug_exposure_start_date, drug_type_concept_id) values (149414, 1497, 1236610, '2008-02-13', 38000175);
INSERT INTO drug_exposure (drug_exposure_id, person_id, drug_concept_id, drug_exposure_start_date, drug_type_concept_id) values (149415, 1497, 970282, '2008-02-13', 38000175);
INSERT INTO person (person_id, gender_concept_id, year_of_birth, month_of_birth, day_of_birth, race_concept_id, ethnicity_concept_id, location_id) values (1498, 8507, 1940, 1, 1, 8527, 38003564, 321);
INSERT INTO visit_occurrence (visit_occurrence_id, person_id, visit_concept_id, visit_start_date, visit_end_date, visit_type_concept_id, provider_id, care_site_id) values (135520, 1498, 9201, '2008-02-13', '2008-04-27', 44818517, 23492, 11905);
INSERT INTO drug_era (drug_era_id, person_id, drug_concept_id, drug_era_start_date, drug_era_end_date) values (52723, 1498, 1310149, '2008-02-13', '2008-04-27');
INSERT INTO drug_era (drug_era_id, person_id, drug_concept_id, drug_era_start_date, drug_era_end_date) values (52724, 1498, 1136980, '2008-02-13', '2008-04-27');
INSERT INTO drug_era (drug_era_id, person_id, drug_concept_id, drug_era_start_date, drug_era_end_date) values (52725, 1498, 1551099, '2008-02-13', '2008-04-27');
INSERT INTO drug_exposure (drug_exposure_id, person_id, drug_concept_id, drug_exposure_start_date, drug_type_concept_id) values (149416, 1498, 40163518, '2008-02-13', 38000175);
INSERT INTO drug_exposure (drug_exposure_id, person_id, drug_concept_id, drug_exposure_start_date, drug_type_concept_id) values (149417, 1498, 19133853, '2008-02-13', 38000175);
INSERT INTO drug_exposure (drug_exposure_id, person_id, drug_concept_id, drug_exposure_start_date, drug_type_concept_id) values (149418, 1498, 1551170, '2008-02-13', 38000175);
INSERT INTO person (person_id, gender_concept_id, year_of_birth, month_of_birth, day_of_birth, race_concept_id, ethnicity_concept_id, location_id) values (1499, 8507, 1970, 1, 1, 8527, 38003564, 321);
INSERT INTO visit_occurrence (visit_occurrence_id, person_id, visit_concept_id, visit_start_date, visit_end_date, visit_type_concept_id, provider_id, care_site_id) values (135521, 1499, 9201, '2008-02-13', '2008-04-27', 44818517, 23492, 11905);
INSERT INTO drug_era (drug_era_id, person_id, drug_concept_id, drug_era_start_date, drug_era_end_date) values (52726, 1499, 1310149, '2008-02-13', '2008-04-27');
INSERT INTO drug_era (drug_era_id, person_id, drug_concept_id, drug_era_start_date, drug_era_end_date) values (52727, 1499, 1136980, '2008-02-13', '2008-04-27');
INSERT INTO drug_exposure (drug_exposure_id, person_id, drug_concept_id, drug_exposure_start_date, drug_type_concept_id) values (149419, 1499, 40163518, '2008-02-13', 38000175);
INSERT INTO drug_exposure (drug_exposure_id, person_id, drug_concept_id, drug_exposure_start_date, drug_type_concept_id) values (149420, 1499, 19133853, '2008-02-13', 38000175);
INSERT INTO person (person_id, gender_concept_id, year_of_birth, month_of_birth, day_of_birth, race_concept_id, ethnicity_concept_id, location_id) values (1500, 8507, 1950, 1, 1, 8527, 38003564, 321);
INSERT INTO visit_occurrence (visit_occurrence_id, person_id, visit_concept_id, visit_start_date, visit_end_date, visit_type_concept_id, provider_id, care_site_id) values (135522, 1500, 9201, '2008-02-13', '2008-04-27', 44818517, 23492, 11905);
INSERT INTO drug_era (drug_era_id, person_id, drug_concept_id, drug_era_start_date, drug_era_end_date) values (52728, 1500, 19049105, '2008-02-13', '2008-04-27');
INSERT INTO drug_era (drug_era_id, person_id, drug_concept_id, drug_era_start_date, drug_era_end_date) values (52729, 1500, 970250, '2008-02-13', '2008-04-27');
INSERT INTO drug_exposure (drug_exposure_id, person_id, drug_concept_id, drug_exposure_start_date, drug_type_concept_id) values (149421, 1500, 19049371, '2008-02-13', 38000175);
INSERT INTO drug_exposure (drug_exposure_id, person_id, drug_concept_id, drug_exposure_start_date, drug_type_concept_id) values (149422, 1500, 19106647, '2008-02-13', 38000175);
INSERT INTO measurement (measurement_id, person_id, measurement_concept_id, measurement_date, measurement_type_concept_id, value_as_number, unit_concept_id) values (170000, 1500, 3023103, '2008-02-13', 45754907, 4.2, 9557);
INSERT INTO person (person_id, gender_concept_id, year_of_birth, month_of_birth, day_of_birth, race_concept_id, ethnicity_concept_id, location_id) values (1501, 8507, 1950, 1, 1, 8527, 38003564, 321);
INSERT INTO visit_occurrence (visit_occurrence_id, person_id, visit_concept_id, visit_start_date, visit_end_date, visit_type_concept_id, provider_id, care_site_id) values (135523, 1501, 9201, '2008-02-13', '2008-04-27', 44818517, 23492, 11905);
INSERT INTO drug_era (drug_era_id, person_id, drug_concept_id, drug_era_start_date, drug_era_end_date) values (52730, 1501, 19049105, '2008-02-13', '2008-04-27');
INSERT INTO drug_era (drug_era_id, person_id, drug_concept_id, drug_era_start_date, drug_era_end_date) values (52731, 1501, 970250, '2008-02-13', '2008-04-27');
INSERT INTO drug_exposure (drug_exposure_id, person_id, drug_concept_id, drug_exposure_start_date, drug_type_concept_id) values (149423, 1501, 19049376, '2008-02-13', 38000175);
INSERT INTO drug_exposure (drug_exposure_id, person_id, drug_concept_id, drug_exposure_start_date, drug_type_concept_id) values (149424, 1501, 19106647, '2008-02-13', 38000175);
INSERT INTO measurement (measurement_id, person_id, measurement_concept_id, measurement_date, measurement_type_concept_id, value_as_number, unit_concept_id) values (170001, 1501, 3023103, '2008-02-13', 45754907, 5.1, 9557);
INSERT INTO drug_era (drug_era_id, person_id, drug_concept_id, drug_era_start_date, drug_era_end_date) values (52732, 1501, 1335471, '2008-02-13', '2008-04-27');
INSERT INTO drug_exposure (drug_exposure_id, person_id, drug_concept_id, drug_exposure_start_date, drug_type_concept_id) values (149425, 1501, 40171675, '2008-02-13', 38000175);
INSERT INTO person (person_id, gender_concept_id, year_of_birth, month_of_birth, day_of_birth, race_concept_id, ethnicity_concept_id, location_id) values (1502, 8507, 1930, 1, 1, 8527, 38003564, 321);
INSERT INTO visit_occurrence (visit_occurrence_id, person_id, visit_concept_id, visit_start_date, visit_end_date, visit_type_concept_id, provider_id, care_site_id) values (135524, 1502, 9201, '2008-02-13', '2008-04-27', 44818517, 23492, 11905);
INSERT INTO drug_era (drug_era_id, person_id, drug_concept_id, drug_era_start_date, drug_era_end_date) values (52733, 1502, 19049105, '2008-02-13', '2008-04-27');
INSERT INTO drug_era (drug_era_id, person_id, drug_concept_id, drug_era_start_date, drug_era_end_date) values (52734, 1502, 970250, '2008-02-13', '2008-04-27');
INSERT INTO drug_exposure (drug_exposure_id, person_id, drug_concept_id, drug_exposure_start_date, drug_type_concept_id) values (149426, 1502, 19049376, '2008-02-13', 38000175);
INSERT INTO drug_exposure (drug_exposure_id, person_id, drug_concept_id, drug_exposure_start_date, drug_type_concept_id) values (149427, 1502, 19106647, '2008-02-13', 38000175);
INSERT INTO measurement (measurement_id, person_id, measurement_concept_id, measurement_date, measurement_type_concept_id, value_as_number, unit_concept_id) values (170002, 1502, 3023103, '2008-02-13', 45754907, 5.5, 9557);
INSERT INTO measurement (measurement_id, person_id, measurement_concept_id, measurement_date, measurement_type_concept_id, value_as_number, unit_concept_id) values (170003, 1502, 3016723, '2008-02-13', 45754907, 32, 8795);
INSERT INTO person (person_id, gender_concept_id, year_of_birth, month_of_birth, day_of_birth, race_concept_id, ethnicity_concept_id, location_id) values (1503, 8507, 1940, 1, 1, 8527, 38003564, 321);
INSERT INTO visit_occurrence (visit_occurrence_id, person_id, visit_concept_id, visit_start_date, visit_end_date, visit_type_concept_id, provider_id, care_site_id) values (135525, 1503, 9201, '2008-02-13', '2008-04-27', 44818517, 23492, 11905);
INSERT INTO drug_era (drug_era_id, person_id, drug_concept_id, drug_era_start_date, drug_era_end_date) values (52735, 1503, 19049105, '2008-02-13', '2008-04-27');
INSERT INTO drug_era (drug_era_id, person_id, drug_concept_id, drug_era_start_date, drug_era_end_date) values (52736, 1503, 970250, '2008-02-13', '2008-04-27');
INSERT INTO drug_exposure (drug_exposure_id, person_id, drug_concept_id, drug_exposure_start_date, drug_type_concept_id) values (149428, 1503, 19104396, '2008-02-13', 38000175);
INSERT INTO drug_exposure (drug_exposure_id, person_id, drug_concept_id, drug_exposure_start_date, drug_type_concept_id) values (149429, 1503, 19106647, '2008-02-13', 38000175);
